age,sex,geo,TIME_PERIOD,OBS_VALUE
Y0-4,F,DE,2012,570
Y0-4,M,DE,2012,606
Y0-4,F,DE,2012,508
Y0-4,F,DE,2013,577
Y0-4,F,DE,2014,552
Y0-4,F,DE,2015,656
Y0-4,F,DE,2016,574
Y0-4,F,DE,2017,513
Y0-4,F,DE,2018,462
Y0-4,F,DE,2019,448
Y0-4,F,DE,2020,391
Y0-4,F,DE,2021,459
Y0-4,M,DE,2012,531
Y0-4,M,DE,2013,615
Y0-4,M,DE,2014,693
Y0-4,M,DE,2015,667
Y0-4,M,DE,2016,509
Y0-4,M,DE,2017,563
Y0-4,M,DE,2018,515
Y0-4,M,DE,2019,511
Y0-4,M,DE,2020,458
Y0-4,M,DE,2021,492
Y0-4,F,DE,2011,3406
Y0-4,F,DE,2012,4139
Y0-4,M,DE,2011,3618
Y0-4,M,DE,2012,4299
Y0-4,F,DE,2011,2547
Y0-4,F,DE,2012,3121
Y0-4,M,DE,2011,2758
Y0-4,M,DE,2012,3258
Y0-4,F,DE,2011,5426
Y0-4,F,DE,2012,6755
Y0-4,M,DE,2011,5786
Y0-4,M,DE,2012,7195
Y0-4,F,DE,2011,4567
Y0-4,F,DE,2012,5737
Y0-4,M,DE,2011,4926
Y0-4,M,DE,2012,6154
Y0-4,F,DE,2008,7058
Y0-4,F,DE,2009,4415
Y0-4,F,DE,2010,6245
Y0-4,F,DE,2011,6618
Y0-4,F,DE,2012,8495
Y0-4,M,DE,2008,6738
Y0-4,M,DE,2009,4744
Y0-4,M,DE,2010,6595
Y0-4,M,DE,2011,7002
Y0-4,M,DE,2012,8988
Y0-4,F,DE,2008,4447
Y0-4,F,DE,2009,3296
Y0-4,F,DE,2010,5460
Y0-4,F,DE,2011,5759
Y0-4,F,DE,2012,7477
Y0-4,M,DE,2008,4324
Y0-4,M,DE,2009,3495
Y0-4,M,DE,2010,5720
Y0-4,M,DE,2011,6142
Y0-4,M,DE,2012,7947
Y0-4,F,DE,2020,6363
Y0-4,F,DE,2021,7831
Y0-4,M,DE,2020,6918
Y0-4,M,DE,2021,8413
Y0-4,F,DE,2013,9060
Y0-4,F,DE,2014,10744
Y0-4,F,DE,2015,11841
Y0-4,F,DE,2016,10281
Y0-4,F,DE,2017,9623
Y0-4,F,DE,2018,8218
Y0-4,F,DE,2019,7853
Y0-4,M,DE,2013,9622
Y0-4,M,DE,2014,11661
Y0-4,M,DE,2015,12510
Y0-4,M,DE,2016,10843
Y0-4,M,DE,2017,10158
Y0-4,M,DE,2018,8908
Y0-4,M,DE,2019,8429
Y0-4,F,DE,2016,1916
Y0-4,M,DE,2016,1980
Y0-4,F,DE,2008,4337
Y0-4,F,DE,2009,4477
Y0-4,F,DE,2010,7318
Y0-4,F,DE,2011,5479
Y0-4,F,DE,2012,6339
Y0-4,M,DE,2008,4929
Y0-4,M,DE,2009,4778
Y0-4,M,DE,2010,7945
Y0-4,M,DE,2011,5842
Y0-4,M,DE,2012,6878
Y0-4,F,DE,2008,9589
Y0-4,F,DE,2009,8586
Y0-4,F,DE,2010,14242
Y0-4,F,DE,2011,12140
Y0-4,F,DE,2012,14894
Y0-4,F,DE,2013,18867
Y0-4,F,DE,2014,25592
Y0-4,F,DE,2015,53013
Y0-4,F,DE,2016,33475
Y0-4,F,DE,2017,26528
Y0-4,F,DE,2018,22530
Y0-4,F,DE,2019,21170
Y0-4,F,DE,2020,15911
Y0-4,F,DE,2021,21617
Y0-4,M,DE,2008,10115
Y0-4,M,DE,2009,9128
Y0-4,M,DE,2010,15205
Y0-4,M,DE,2011,12967
Y0-4,M,DE,2012,15962
Y0-4,M,DE,2013,19936
Y0-4,M,DE,2014,27691
Y0-4,M,DE,2015,58632
Y0-4,M,DE,2016,35757
Y0-4,M,DE,2017,28257
Y0-4,M,DE,2018,23965
Y0-4,M,DE,2019,22574
Y0-4,M,DE,2020,17182
Y0-4,M,DE,2021,22692
Y0-4,F,DE,2008,2467
Y0-4,F,DE,2009,2150
Y0-4,F,DE,2010,3426
Y0-4,F,DE,2011,2692
Y0-4,F,DE,2012,3234
Y0-4,M,DE,2008,2926
Y0-4,M,DE,2009,2299
Y0-4,M,DE,2010,3706
Y0-4,M,DE,2011,2866
Y0-4,M,DE,2012,3415
Y0-4,F,DE,2008,359
Y0-4,F,DE,2009,904
Y0-4,F,DE,2010,1268
Y0-4,F,DE,2011,730
Y0-4,F,DE,2012,710
Y0-4,M,DE,2008,364
Y0-4,M,DE,2009,979
Y0-4,M,DE,2010,1374
Y0-4,M,DE,2011,769
Y0-4,M,DE,2012,787
Y0-4,F,DE,2008,1511
Y0-4,F,DE,2009,1423
Y0-4,F,DE,2010,2624
Y0-4,F,DE,2011,2057
Y0-4,F,DE,2012,2395
Y0-4,M,DE,2008,1639
Y0-4,M,DE,2009,1500
Y0-4,M,DE,2010,2865
Y0-4,M,DE,2011,2207
Y0-4,M,DE,2012,2676
Y0-4,F,DE,2008,2611
Y0-4,F,DE,2009,1119
Y0-4,F,DE,2010,785
Y0-4,F,DE,2011,859
Y0-4,F,DE,2012,1018
Y0-4,F,DE,2013,862
Y0-4,F,DE,2014,1127
Y0-4,F,DE,2015,1114
Y0-4,F,DE,2016,1162
Y0-4,F,DE,2017,1306
Y0-4,F,DE,2018,1599
Y0-4,F,DE,2019,1631
Y0-4,F,DE,2020,1639
Y0-4,F,DE,2021,1614
Y0-4,M,DE,2008,2414
Y0-4,M,DE,2009,1249
Y0-4,M,DE,2010,875
Y0-4,M,DE,2011,860
Y0-4,M,DE,2012,1041
Y0-4,M,DE,2013,888
Y0-4,M,DE,2014,1133
Y0-4,M,DE,2015,1064
Y0-4,M,DE,2016,1213
Y0-4,M,DE,2017,1366
Y0-4,M,DE,2018,1540
Y0-4,M,DE,2019,1735
Y0-4,M,DE,2020,1713
Y0-4,M,DE,2021,1706
Y0-4,F,DE,2008,5142
Y0-4,F,DE,2009,5290
Y0-4,F,DE,2010,8782
Y0-4,F,DE,2011,6381
Y0-4,F,DE,2012,7417
Y0-4,M,DE,2008,5791
Y0-4,M,DE,2009,5633
Y0-4,M,DE,2010,9485
Y0-4,M,DE,2011,6825
Y0-4,M,DE,2012,8015
Y0-4,F,DE,2020,9548
Y0-4,F,DE,2021,13786
Y0-4,M,DE,2020,10264
Y0-4,M,DE,2021,14279
Y0-4,F,DE,2013,9807
Y0-4,F,DE,2014,14848
Y0-4,F,DE,2015,41172
Y0-4,F,DE,2016,23194
Y0-4,F,DE,2017,16905
Y0-4,F,DE,2018,14312
Y0-4,F,DE,2019,13317
Y0-4,M,DE,2013,10314
Y0-4,M,DE,2014,16030
Y0-4,M,DE,2015,46122
Y0-4,M,DE,2016,24914
Y0-4,M,DE,2017,18099
Y0-4,M,DE,2018,15057
Y0-4,M,DE,2019,14145
Y0-4,F,DE,2008,12382
Y0-4,F,DE,2009,9784
Y0-4,F,DE,2010,16032
Y0-4,F,DE,2011,13307
Y0-4,F,DE,2012,15968
Y0-4,F,DE,2013,19875
Y0-4,F,DE,2014,26852
Y0-4,F,DE,2015,55912
Y0-4,F,DE,2016,35507
Y0-4,F,DE,2017,28035
Y0-4,F,DE,2018,24289
Y0-4,F,DE,2019,23098
Y0-4,F,DE,2020,18284
Y0-4,F,DE,2021,23342
Y0-4,M,DE,2008,12926
Y0-4,M,DE,2009,10416
Y0-4,M,DE,2010,17148
Y0-4,M,DE,2011,14166
Y0-4,M,DE,2012,17073
Y0-4,M,DE,2013,20980
Y0-4,M,DE,2014,28966
Y0-4,M,DE,2015,61624
Y0-4,M,DE,2016,37889
Y0-4,M,DE,2017,29813
Y0-4,M,DE,2018,25687
Y0-4,M,DE,2019,24668
Y0-4,M,DE,2020,19708
Y0-4,M,DE,2021,24521
Y0-4,F,DE,2008,182
Y0-4,F,DE,2009,79
Y0-4,F,DE,2010,1005
Y0-4,F,DE,2011,308
Y0-4,F,DE,2012,56
Y0-4,F,DE,2013,146
Y0-4,F,DE,2014,133
Y0-4,F,DE,2015,1785
Y0-4,F,DE,2016,870
Y0-4,F,DE,2017,201
Y0-4,F,DE,2018,160
Y0-4,F,DE,2019,297
Y0-4,F,DE,2020,734
Y0-4,F,DE,2021,111
Y0-4,M,DE,2008,397
Y0-4,M,DE,2009,39
Y0-4,M,DE,2010,1068
Y0-4,M,DE,2011,339
Y0-4,M,DE,2012,70
Y0-4,M,DE,2013,156
Y0-4,M,DE,2014,142
Y0-4,M,DE,2015,1928
Y0-4,M,DE,2016,919
Y0-4,M,DE,2017,190
Y0-4,M,DE,2018,182
Y0-4,M,DE,2019,359
Y0-4,M,DE,2020,813
Y0-4,M,DE,2021,123
Y5-9,F,DE,2008,332
Y5-9,F,DE,2009,211
Y5-9,F,DE,2010,273
Y5-9,M,DE,2008,284
Y5-9,M,DE,2009,229
Y5-9,M,DE,2010,288
Y5-9,F,DE,2011,300
Y5-9,F,DE,2012,363
Y5-9,M,DE,2011,280
Y5-9,M,DE,2012,438
Y5-9,F,DE,2008,180
Y5-9,F,DE,2009,90
Y5-9,F,DE,2010,88
Y5-9,F,DE,2011,117
Y5-9,F,DE,2012,91
Y5-9,F,DE,2013,139
Y5-9,F,DE,2014,137
Y5-9,F,DE,2015,141
Y5-9,F,DE,2016,168
Y5-9,F,DE,2017,175
Y5-9,F,DE,2018,197
Y5-9,F,DE,2019,193
Y5-9,F,DE,2020,165
Y5-9,F,DE,2021,186
Y5-9,M,DE,2008,200
Y5-9,M,DE,2009,79
Y5-9,M,DE,2010,77
Y5-9,M,DE,2011,111
Y5-9,M,DE,2012,103
Y5-9,M,DE,2013,117
Y5-9,M,DE,2014,115
Y5-9,M,DE,2015,172
Y5-9,M,DE,2016,188
Y5-9,M,DE,2017,194
Y5-9,M,DE,2018,201
Y5-9,M,DE,2019,190
Y5-9,M,DE,2020,176
Y5-9,M,DE,2021,189
Y5-9,F,DE,2011,3254
Y5-9,F,DE,2012,3851
Y5-9,M,DE,2011,3551
Y5-9,M,DE,2012,4100
Y5-9,F,DE,2011,1373
Y5-9,F,DE,2012,1992
Y5-9,M,DE,2011,1462
Y5-9,M,DE,2012,2159
Y5-9,F,DE,2011,4716
Y5-9,F,DE,2012,5804
Y5-9,M,DE,2011,4949
Y5-9,M,DE,2012,6148
Y5-9,F,DE,2011,2835
Y5-9,F,DE,2012,3945
Y5-9,M,DE,2011,2860
Y5-9,M,DE,2012,4207
Y5-9,F,DE,2008,5282
Y5-9,F,DE,2009,3662
Y5-9,F,DE,2010,4067
Y5-9,F,DE,2011,5762
Y5-9,F,DE,2012,7429
Y5-9,M,DE,2008,4961
Y5-9,M,DE,2009,3828
Y5-9,M,DE,2010,4422
Y5-9,M,DE,2011,6028
Y5-9,M,DE,2012,7823
Y5-9,F,DE,2008,2929
Y5-9,F,DE,2009,2168
Y5-9,F,DE,2010,2468
Y5-9,F,DE,2011,3881
Y5-9,F,DE,2012,5570
Y5-9,M,DE,2008,2705
Y5-9,M,DE,2009,2196
Y5-9,M,DE,2010,2632
Y5-9,M,DE,2011,3939
Y5-9,M,DE,2012,5882
Y5-9,F,DE,2020,5152
Y5-9,F,DE,2021,4742
Y5-9,M,DE,2020,5509
Y5-9,M,DE,2021,5028
Y5-9,F,DE,2013,7325
Y5-9,F,DE,2014,9694
Y5-9,F,DE,2015,10924
Y5-9,F,DE,2016,9244
Y5-9,F,DE,2017,8030
Y5-9,F,DE,2018,6973
Y5-9,F,DE,2019,6444
Y5-9,M,DE,2013,7406
Y5-9,M,DE,2014,10087
Y5-9,M,DE,2015,11689
Y5-9,M,DE,2016,9734
Y5-9,M,DE,2017,8343
Y5-9,M,DE,2018,7488
Y5-9,M,DE,2019,6513
Y5-9,F,DE,2016,1390
Y5-9,M,DE,2016,1353
Y5-9,F,DE,2008,3080
Y5-9,F,DE,2009,3295
Y5-9,F,DE,2010,3204
Y5-9,F,DE,2011,3696
Y5-9,F,DE,2012,4618
Y5-9,M,DE,2008,3510
Y5-9,M,DE,2009,3403
Y5-9,M,DE,2010,3350
Y5-9,M,DE,2011,3902
Y5-9,M,DE,2012,5218
Y5-9,F,DE,2008,6521
Y5-9,F,DE,2009,5764
Y5-9,F,DE,2010,6033
Y5-9,F,DE,2011,7994
Y5-9,F,DE,2012,10642
Y5-9,F,DE,2013,14741
Y5-9,F,DE,2014,22107
Y5-9,F,DE,2015,47493
Y5-9,F,DE,2016,30320
Y5-9,F,DE,2017,24131
Y5-9,F,DE,2018,20625
Y5-9,F,DE,2019,19870
Y5-9,F,DE,2020,14481
Y5-9,F,DE,2021,19954
Y5-9,M,DE,2008,6699
Y5-9,M,DE,2009,5907
Y5-9,M,DE,2010,6347
Y5-9,M,DE,2011,8232
Y5-9,M,DE,2012,11641
Y5-9,M,DE,2013,15270
Y5-9,M,DE,2014,23470
Y5-9,M,DE,2015,54889
Y5-9,M,DE,2016,33026
Y5-9,M,DE,2017,25779
Y5-9,M,DE,2018,22251
Y5-9,M,DE,2019,20947
Y5-9,M,DE,2020,15553
Y5-9,M,DE,2021,21691
Y5-9,F,DE,2008,1796
Y5-9,F,DE,2009,1551
Y5-9,F,DE,2010,1569
Y5-9,F,DE,2011,1824
Y5-9,F,DE,2012,2275
Y5-9,M,DE,2008,1955
Y5-9,M,DE,2009,1505
Y5-9,M,DE,2010,1575
Y5-9,M,DE,2011,1831
Y5-9,M,DE,2012,2489
Y5-9,F,DE,2008,398
Y5-9,F,DE,2009,839
Y5-9,F,DE,2010,722
Y5-9,F,DE,2011,628
Y5-9,F,DE,2012,693
Y5-9,M,DE,2008,439
Y5-9,M,DE,2009,881
Y5-9,M,DE,2010,823
Y5-9,M,DE,2011,773
Y5-9,M,DE,2012,821
Y5-9,F,DE,2008,886
Y5-9,F,DE,2009,905
Y5-9,F,DE,2010,913
Y5-9,F,DE,2011,1244
Y5-9,F,DE,2012,1650
Y5-9,M,DE,2008,1116
Y5-9,M,DE,2009,1017
Y5-9,M,DE,2010,952
Y5-9,M,DE,2011,1298
Y5-9,M,DE,2012,1908
Y5-9,F,DE,2008,2353
Y5-9,F,DE,2009,1494
Y5-9,F,DE,2010,1599
Y5-9,F,DE,2011,1881
Y5-9,F,DE,2012,1859
Y5-9,F,DE,2013,1638
Y5-9,F,DE,2014,1783
Y5-9,F,DE,2015,1706
Y5-9,F,DE,2016,1751
Y5-9,F,DE,2017,1811
Y5-9,F,DE,2018,1941
Y5-9,F,DE,2019,2132
Y5-9,F,DE,2020,2135
Y5-9,F,DE,2021,2142
Y5-9,M,DE,2008,2256
Y5-9,M,DE,2009,1632
Y5-9,M,DE,2010,1790
Y5-9,M,DE,2011,2089
Y5-9,M,DE,2012,1941
Y5-9,M,DE,2013,1872
Y5-9,M,DE,2014,2002
Y5-9,M,DE,2015,1732
Y5-9,M,DE,2016,1870
Y5-9,M,DE,2017,1939
Y5-9,M,DE,2018,2038
Y5-9,M,DE,2019,2121
Y5-9,M,DE,2020,2410
Y5-9,M,DE,2021,2283
Y5-9,F,DE,2008,3592
Y5-9,F,DE,2009,3596
Y5-9,F,DE,2010,3565
Y5-9,F,DE,2011,4113
Y5-9,F,DE,2012,5072
Y5-9,M,DE,2008,3994
Y5-9,M,DE,2009,3711
Y5-9,M,DE,2010,3715
Y5-9,M,DE,2011,4293
Y5-9,M,DE,2012,5759
Y5-9,F,DE,2020,9329
Y5-9,F,DE,2021,15212
Y5-9,M,DE,2020,10044
Y5-9,M,DE,2021,16663
Y5-9,F,DE,2013,7416
Y5-9,F,DE,2014,12413
Y5-9,F,DE,2015,36569
Y5-9,F,DE,2016,21076
Y5-9,F,DE,2017,16101
Y5-9,F,DE,2018,13652
Y5-9,F,DE,2019,13426
Y5-9,M,DE,2013,7864
Y5-9,M,DE,2014,13383
Y5-9,M,DE,2015,43200
Y5-9,M,DE,2016,23292
Y5-9,M,DE,2017,17436
Y5-9,M,DE,2018,14763
Y5-9,M,DE,2019,14434
Y5-9,F,DE,2008,9037
Y5-9,F,DE,2009,7350
Y5-9,F,DE,2010,8078
Y5-9,F,DE,2011,10129
Y5-9,F,DE,2012,12573
Y5-9,F,DE,2013,16511
Y5-9,F,DE,2014,24014
Y5-9,F,DE,2015,50761
Y5-9,F,DE,2016,32918
Y5-9,F,DE,2017,26147
Y5-9,F,DE,2018,22730
Y5-9,F,DE,2019,22343
Y5-9,F,DE,2020,17301
Y5-9,F,DE,2021,22198
Y5-9,M,DE,2008,9329
Y5-9,M,DE,2009,7573
Y5-9,M,DE,2010,8636
Y5-9,M,DE,2011,10584
Y5-9,M,DE,2012,13625
Y5-9,M,DE,2013,17299
Y5-9,M,DE,2014,25594
Y5-9,M,DE,2015,58573
Y5-9,M,DE,2016,35876
Y5-9,M,DE,2017,27966
Y5-9,M,DE,2018,24490
Y5-9,M,DE,2019,23464
Y5-9,M,DE,2020,18746
Y5-9,M,DE,2021,24070
Y5-9,F,DE,2008,163
Y5-9,F,DE,2009,92
Y5-9,F,DE,2010,446
Y5-9,F,DE,2011,254
Y5-9,F,DE,2012,72
Y5-9,F,DE,2013,132
Y5-9,F,DE,2014,124
Y5-9,F,DE,2015,1562
Y5-9,F,DE,2016,847
Y5-9,F,DE,2017,205
Y5-9,F,DE,2018,164
Y5-9,F,DE,2019,341
Y5-9,F,DE,2020,685
Y5-9,F,DE,2021,102
Y5-9,M,DE,2008,374
Y5-9,M,DE,2009,34
Y5-9,M,DE,2010,499
Y5-9,M,DE,2011,263
Y5-9,M,DE,2012,43
Y5-9,M,DE,2013,157
Y5-9,M,DE,2014,122
Y5-9,M,DE,2015,1952
Y5-9,M,DE,2016,980
Y5-9,M,DE,2017,248
Y5-9,M,DE,2018,201
Y5-9,M,DE,2019,396
Y5-9,M,DE,2020,783
Y5-9,M,DE,2021,96
Y10-14,F,DE,2008,402
Y10-14,F,DE,2009,266
Y10-14,F,DE,2010,319
Y10-14,M,DE,2008,377
Y10-14,M,DE,2009,265
Y10-14,M,DE,2010,342
Y10-14,F,DE,2011,249
Y10-14,F,DE,2012,345
Y10-14,M,DE,2011,274
Y10-14,M,DE,2012,386
Y10-14,F,DE,2008,85
Y10-14,F,DE,2009,46
Y10-14,F,DE,2010,41
Y10-14,F,DE,2011,60
Y10-14,F,DE,2012,62
Y10-14,F,DE,2013,65
Y10-14,F,DE,2014,70
Y10-14,F,DE,2015,62
Y10-14,F,DE,2016,77
Y10-14,F,DE,2017,85
Y10-14,F,DE,2018,86
Y10-14,F,DE,2019,97
Y10-14,F,DE,2020,85
Y10-14,F,DE,2021,104
Y10-14,M,DE,2008,64
Y10-14,M,DE,2009,34
Y10-14,M,DE,2010,58
Y10-14,M,DE,2011,59
Y10-14,M,DE,2012,55
Y10-14,M,DE,2013,63
Y10-14,M,DE,2014,67
Y10-14,M,DE,2015,78
Y10-14,M,DE,2016,78
Y10-14,M,DE,2017,83
Y10-14,M,DE,2018,82
Y10-14,M,DE,2019,92
Y10-14,M,DE,2020,95
Y10-14,M,DE,2021,111
Y10-14,F,DE,2011,2611
Y10-14,F,DE,2012,3183
Y10-14,M,DE,2011,2863
Y10-14,M,DE,2012,3419
Y10-14,F,DE,2011,844
Y10-14,F,DE,2012,1288
Y10-14,M,DE,2011,1019
Y10-14,M,DE,2012,1406
Y10-14,F,DE,2011,3670
Y10-14,F,DE,2012,4712
Y10-14,M,DE,2011,4008
Y10-14,M,DE,2012,5019
Y10-14,F,DE,2011,1903
Y10-14,F,DE,2012,2817
Y10-14,M,DE,2011,2164
Y10-14,M,DE,2012,3006
Y10-14,F,DE,2008,4181
Y10-14,F,DE,2009,3040
Y10-14,F,DE,2010,3444
Y10-14,F,DE,2011,4444
Y10-14,F,DE,2012,5893
Y10-14,M,DE,2008,4466
Y10-14,M,DE,2009,3204
Y10-14,M,DE,2010,3551
Y10-14,M,DE,2011,4810
Y10-14,M,DE,2012,6313
Y10-14,F,DE,2008,2242
Y10-14,F,DE,2009,1681
Y10-14,F,DE,2010,1993
Y10-14,F,DE,2011,2677
Y10-14,F,DE,2012,3998
Y10-14,M,DE,2008,2239
Y10-14,M,DE,2009,1729
Y10-14,M,DE,2010,2072
Y10-14,M,DE,2011,2966
Y10-14,M,DE,2012,4300
Y10-14,F,DE,2020,4734
Y10-14,F,DE,2021,4309
Y10-14,M,DE,2020,4806
Y10-14,M,DE,2021,4648
Y10-14,F,DE,2013,5186
Y10-14,F,DE,2014,7023
Y10-14,F,DE,2015,8399
Y10-14,F,DE,2016,7080
Y10-14,F,DE,2017,6375
Y10-14,F,DE,2018,5982
Y10-14,F,DE,2019,5399
Y10-14,M,DE,2013,5669
Y10-14,M,DE,2014,7430
Y10-14,M,DE,2015,8979
Y10-14,M,DE,2016,7597
Y10-14,M,DE,2017,6889
Y10-14,M,DE,2018,6277
Y10-14,M,DE,2019,5776
Y10-14,F,DE,2016,973
Y10-14,M,DE,2016,1117
Y10-14,F,DE,2008,2926
Y10-14,F,DE,2009,2667
Y10-14,F,DE,2010,2630
Y10-14,F,DE,2011,2665
Y10-14,F,DE,2012,3388
Y10-14,M,DE,2008,2907
Y10-14,M,DE,2009,2899
Y10-14,M,DE,2010,2946
Y10-14,M,DE,2011,3067
Y10-14,M,DE,2012,3905
Y10-14,F,DE,2008,5655
Y10-14,F,DE,2009,4660
Y10-14,F,DE,2010,4983
Y10-14,F,DE,2011,5651
Y10-14,F,DE,2012,7793
Y10-14,F,DE,2013,10355
Y10-14,F,DE,2014,15935
Y10-14,F,DE,2015,33716
Y10-14,F,DE,2016,22148
Y10-14,F,DE,2017,18141
Y10-14,F,DE,2018,16562
Y10-14,F,DE,2019,15865
Y10-14,F,DE,2020,11865
Y10-14,F,DE,2021,16193
Y10-14,M,DE,2008,5587
Y10-14,M,DE,2009,4927
Y10-14,M,DE,2010,5418
Y10-14,M,DE,2011,6366
Y10-14,M,DE,2012,8646
Y10-14,M,DE,2013,11703
Y10-14,M,DE,2014,17897
Y10-14,M,DE,2015,46314
Y10-14,M,DE,2016,25527
Y10-14,M,DE,2017,19819
Y10-14,M,DE,2018,17736
Y10-14,M,DE,2019,17423
Y10-14,M,DE,2020,13134
Y10-14,M,DE,2021,18715
Y10-14,F,DE,2008,1492
Y10-14,F,DE,2009,1073
Y10-14,F,DE,2010,1169
Y10-14,F,DE,2011,1207
Y10-14,F,DE,2012,1565
Y10-14,M,DE,2008,1454
Y10-14,M,DE,2009,1111
Y10-14,M,DE,2010,1263
Y10-14,M,DE,2011,1261
Y10-14,M,DE,2012,1735
Y10-14,F,DE,2008,467
Y10-14,F,DE,2009,757
Y10-14,F,DE,2010,643
Y10-14,F,DE,2011,529
Y10-14,F,DE,2012,574
Y10-14,M,DE,2008,561
Y10-14,M,DE,2009,879
Y10-14,M,DE,2010,807
Y10-14,M,DE,2011,745
Y10-14,M,DE,2012,748
Y10-14,F,DE,2008,967
Y10-14,F,DE,2009,837
Y10-14,F,DE,2010,818
Y10-14,F,DE,2011,929
Y10-14,F,DE,2012,1249
Y10-14,M,DE,2008,892
Y10-14,M,DE,2009,909
Y10-14,M,DE,2010,876
Y10-14,M,DE,2011,1061
Y10-14,M,DE,2012,1422
Y10-14,F,DE,2008,1939
Y10-14,F,DE,2009,1359
Y10-14,F,DE,2010,1451
Y10-14,F,DE,2011,1767
Y10-14,F,DE,2012,1895
Y10-14,F,DE,2013,1711
Y10-14,F,DE,2014,1896
Y10-14,F,DE,2015,1710
Y10-14,F,DE,2016,1806
Y10-14,F,DE,2017,1766
Y10-14,F,DE,2018,1856
Y10-14,F,DE,2019,1937
Y10-14,F,DE,2020,1938
Y10-14,F,DE,2021,1731
Y10-14,M,DE,2008,2227
Y10-14,M,DE,2009,1475
Y10-14,M,DE,2010,1479
Y10-14,M,DE,2011,1844
Y10-14,M,DE,2012,2013
Y10-14,M,DE,2013,1772
Y10-14,M,DE,2014,2048
Y10-14,M,DE,2015,1844
Y10-14,M,DE,2016,1832
Y10-14,M,DE,2017,1910
Y10-14,M,DE,2018,1978
Y10-14,M,DE,2019,2100
Y10-14,M,DE,2020,1922
Y10-14,M,DE,2021,1697
Y10-14,F,DE,2008,3413
Y10-14,F,DE,2009,2979
Y10-14,F,DE,2010,2990
Y10-14,F,DE,2011,2974
Y10-14,F,DE,2012,3795
Y10-14,M,DE,2008,3348
Y10-14,M,DE,2009,3198
Y10-14,M,DE,2010,3346
Y10-14,M,DE,2011,3400
Y10-14,M,DE,2012,4346
Y10-14,F,DE,2020,7131
Y10-14,F,DE,2021,11884
Y10-14,M,DE,2020,8328
Y10-14,M,DE,2021,14067
Y10-14,F,DE,2013,5169
Y10-14,F,DE,2014,8912
Y10-14,F,DE,2015,25317
Y10-14,F,DE,2016,15068
Y10-14,F,DE,2017,11766
Y10-14,F,DE,2018,10580
Y10-14,F,DE,2019,10466
Y10-14,M,DE,2013,6034
Y10-14,M,DE,2014,10467
Y10-14,M,DE,2015,37335
Y10-14,M,DE,2016,17930
Y10-14,M,DE,2017,12930
Y10-14,M,DE,2018,11459
Y10-14,M,DE,2019,11647
Y10-14,F,DE,2008,7782
Y10-14,F,DE,2009,6117
Y10-14,F,DE,2010,6836
Y10-14,F,DE,2011,7615
Y10-14,F,DE,2012,9724
Y10-14,F,DE,2013,12177
Y10-14,F,DE,2014,17898
Y10-14,F,DE,2015,36537
Y10-14,F,DE,2016,24610
Y10-14,F,DE,2017,20049
Y10-14,F,DE,2018,18552
Y10-14,F,DE,2019,18121
Y10-14,F,DE,2020,14397
Y10-14,F,DE,2021,18000
Y10-14,M,DE,2008,8077
Y10-14,M,DE,2009,6519
Y10-14,M,DE,2010,7359
Y10-14,M,DE,2011,8421
Y10-14,M,DE,2012,10695
Y10-14,M,DE,2013,13593
Y10-14,M,DE,2014,20041
Y10-14,M,DE,2015,49846
Y10-14,M,DE,2016,28148
Y10-14,M,DE,2017,21885
Y10-14,M,DE,2018,19874
Y10-14,M,DE,2019,19853
Y10-14,M,DE,2020,15749
Y10-14,M,DE,2021,20505
Y10-14,F,DE,2008,188
Y10-14,F,DE,2009,98
Y10-14,F,DE,2010,402
Y10-14,F,DE,2011,197
Y10-14,F,DE,2012,36
Y10-14,F,DE,2013,111
Y10-14,F,DE,2014,67
Y10-14,F,DE,2015,1111
Y10-14,F,DE,2016,656
Y10-14,F,DE,2017,142
Y10-14,F,DE,2018,134
Y10-14,F,DE,2019,319
Y10-14,F,DE,2020,594
Y10-14,F,DE,2021,76
Y10-14,M,DE,2008,263
Y10-14,M,DE,2009,117
Y10-14,M,DE,2010,462
Y10-14,M,DE,2011,211
Y10-14,M,DE,2012,36
Y10-14,M,DE,2013,118
Y10-14,M,DE,2014,96
Y10-14,M,DE,2015,1688
Y10-14,M,DE,2016,789
Y10-14,M,DE,2017,156
Y10-14,M,DE,2018,160
Y10-14,M,DE,2019,330
Y10-14,M,DE,2020,693
Y10-14,M,DE,2021,93
Y15-19,F,DE,2008,912
Y15-19,F,DE,2009,648
Y15-19,F,DE,2010,734
Y15-19,M,DE,2008,710
Y15-19,M,DE,2009,396
Y15-19,M,DE,2010,428
Y15-19,F,DE,2011,651
Y15-19,F,DE,2012,729
Y15-19,M,DE,2011,444
Y15-19,M,DE,2012,526
Y15-19,F,DE,2008,204
Y15-19,F,DE,2009,99
Y15-19,F,DE,2010,86
Y15-19,F,DE,2011,148
Y15-19,F,DE,2012,144
Y15-19,F,DE,2013,161
Y15-19,F,DE,2014,126
Y15-19,F,DE,2015,134
Y15-19,F,DE,2016,156
Y15-19,F,DE,2017,174
Y15-19,F,DE,2018,154
Y15-19,F,DE,2019,152
Y15-19,F,DE,2020,150
Y15-19,F,DE,2021,206
Y15-19,M,DE,2008,152
Y15-19,M,DE,2009,70
Y15-19,M,DE,2010,65
Y15-19,M,DE,2011,92
Y15-19,M,DE,2012,95
Y15-19,M,DE,2013,92
Y15-19,M,DE,2014,100
Y15-19,M,DE,2015,112
Y15-19,M,DE,2016,139
Y15-19,M,DE,2017,129
Y15-19,M,DE,2018,144
Y15-19,M,DE,2019,122
Y15-19,M,DE,2020,128
Y15-19,M,DE,2021,139
Y15-19,F,DE,2011,3259
Y15-19,F,DE,2012,3988
Y15-19,M,DE,2011,3419
Y15-19,M,DE,2012,4236
Y15-19,F,DE,2011,1601
Y15-19,F,DE,2012,2208
Y15-19,M,DE,2011,1583
Y15-19,M,DE,2012,2121
Y15-19,F,DE,2011,5153
Y15-19,F,DE,2012,6534
Y15-19,M,DE,2011,5322
Y15-19,M,DE,2012,6715
Y15-19,F,DE,2011,3495
Y15-19,F,DE,2012,4754
Y15-19,M,DE,2011,3486
Y15-19,M,DE,2012,4600
Y15-19,F,DE,2008,10043
Y15-19,F,DE,2009,4831
Y15-19,F,DE,2010,5227
Y15-19,F,DE,2011,6663
Y15-19,F,DE,2012,8527
Y15-19,M,DE,2008,10018
Y15-19,M,DE,2009,4647
Y15-19,M,DE,2010,5308
Y15-19,M,DE,2011,6698
Y15-19,M,DE,2012,8680
Y15-19,F,DE,2008,7322
Y15-19,F,DE,2009,3452
Y15-19,F,DE,2010,3804
Y15-19,F,DE,2011,5005
Y15-19,F,DE,2012,6747
Y15-19,M,DE,2008,6713
Y15-19,M,DE,2009,3165
Y15-19,M,DE,2010,3708
Y15-19,M,DE,2011,4862
Y15-19,M,DE,2012,6565
Y15-19,F,DE,2020,7896
Y15-19,F,DE,2021,8211
Y15-19,M,DE,2020,8458
Y15-19,M,DE,2021,8832
Y15-19,F,DE,2013,8101
Y15-19,F,DE,2014,9631
Y15-19,F,DE,2015,11529
Y15-19,F,DE,2016,10358
Y15-19,F,DE,2017,10125
Y15-19,F,DE,2018,9441
Y15-19,F,DE,2019,8762
Y15-19,M,DE,2013,8192
Y15-19,M,DE,2014,10378
Y15-19,M,DE,2015,12202
Y15-19,M,DE,2016,10958
Y15-19,M,DE,2017,10878
Y15-19,M,DE,2018,10401
Y15-19,M,DE,2019,9864
Y15-19,F,DE,2016,1593
Y15-19,M,DE,2016,1826
Y15-19,F,DE,2008,7229
Y15-19,F,DE,2009,5222
Y15-19,F,DE,2010,5299
Y15-19,F,DE,2011,6155
Y15-19,F,DE,2012,7185
Y15-19,M,DE,2008,8036
Y15-19,M,DE,2009,6775
Y15-19,M,DE,2010,7291
Y15-19,M,DE,2011,8481
Y15-19,M,DE,2012,10609
Y15-19,F,DE,2008,15667
Y15-19,F,DE,2009,9421
Y15-19,F,DE,2010,9923
Y15-19,F,DE,2011,11959
Y15-19,F,DE,2012,14805
Y15-19,F,DE,2013,17684
Y15-19,F,DE,2014,23089
Y15-19,F,DE,2015,43909
Y15-19,F,DE,2016,31202
Y15-19,F,DE,2017,26013
Y15-19,F,DE,2018,24336
Y15-19,F,DE,2019,23278
Y15-19,F,DE,2020,16914
Y15-19,F,DE,2021,23046
Y15-19,M,DE,2008,15611
Y15-19,M,DE,2009,10406
Y15-19,M,DE,2010,11492
Y15-19,M,DE,2011,13879
Y15-19,M,DE,2012,17795
Y15-19,M,DE,2013,24196
Y15-19,M,DE,2014,37667
Y15-19,M,DE,2015,121761
Y15-19,M,DE,2016,54418
Y15-19,M,DE,2017,34110
Y15-19,M,DE,2018,29921
Y15-19,M,DE,2019,27584
Y15-19,M,DE,2020,21204
Y15-19,M,DE,2021,31968
Y15-19,F,DE,2008,3831
Y15-19,F,DE,2009,2040
Y15-19,F,DE,2010,2189
Y15-19,F,DE,2011,2552
Y15-19,F,DE,2012,3003
Y15-19,M,DE,2008,3032
Y15-19,M,DE,2009,1913
Y15-19,M,DE,2010,1952
Y15-19,M,DE,2011,2316
Y15-19,M,DE,2012,2793
Y15-19,F,DE,2008,617
Y15-19,F,DE,2009,998
Y15-19,F,DE,2010,987
Y15-19,F,DE,2011,977
Y15-19,F,DE,2012,962
Y15-19,M,DE,2008,1837
Y15-19,M,DE,2009,2216
Y15-19,M,DE,2010,2815
Y15-19,M,DE,2011,2767
Y15-19,M,DE,2012,3068
Y15-19,F,DE,2008,2781
Y15-19,F,DE,2009,2184
Y15-19,F,DE,2010,2123
Y15-19,F,DE,2011,2626
Y15-19,F,DE,2012,3220
Y15-19,M,DE,2008,3167
Y15-19,M,DE,2009,2646
Y15-19,M,DE,2010,2524
Y15-19,M,DE,2011,3398
Y15-19,M,DE,2012,4748
Y15-19,F,DE,2008,2721
Y15-19,F,DE,2009,1379
Y15-19,F,DE,2010,1423
Y15-19,F,DE,2011,1658
Y15-19,F,DE,2012,1780
Y15-19,F,DE,2013,1769
Y15-19,F,DE,2014,2052
Y15-19,F,DE,2015,1968
Y15-19,F,DE,2016,2459
Y15-19,F,DE,2017,2614
Y15-19,F,DE,2018,3304
Y15-19,F,DE,2019,3413
Y15-19,F,DE,2020,2946
Y15-19,F,DE,2021,2772
Y15-19,M,DE,2008,3305
Y15-19,M,DE,2009,1482
Y15-19,M,DE,2010,1600
Y15-19,M,DE,2011,1836
Y15-19,M,DE,2012,2115
Y15-19,M,DE,2013,2017
Y15-19,M,DE,2014,2073
Y15-19,M,DE,2015,2201
Y15-19,M,DE,2016,2656
Y15-19,M,DE,2017,2908
Y15-19,M,DE,2018,3525
Y15-19,M,DE,2019,3712
Y15-19,M,DE,2020,3240
Y15-19,M,DE,2021,3059
Y15-19,F,DE,2008,8345
Y15-19,F,DE,2009,5969
Y15-19,F,DE,2010,6119
Y15-19,F,DE,2011,6954
Y15-19,F,DE,2012,8058
Y15-19,M,DE,2008,8898
Y15-19,M,DE,2009,7241
Y15-19,M,DE,2010,7784
Y15-19,M,DE,2011,9017
Y15-19,M,DE,2012,11230
Y15-19,F,DE,2020,9018
Y15-19,F,DE,2021,14835
Y15-19,M,DE,2020,12746
Y15-19,M,DE,2021,23136
Y15-19,F,DE,2013,9583
Y15-19,F,DE,2014,13458
Y15-19,F,DE,2015,32380
Y15-19,F,DE,2016,20844
Y15-19,F,DE,2017,15888
Y15-19,F,DE,2018,14895
Y15-19,F,DE,2019,14516
Y15-19,M,DE,2013,16004
Y15-19,M,DE,2014,27289
Y15-19,M,DE,2015,109559
Y15-19,M,DE,2016,43460
Y15-19,M,DE,2017,23232
Y15-19,M,DE,2018,19520
Y15-19,M,DE,2019,17720
Y15-19,F,DE,2008,18702
Y15-19,F,DE,2009,10914
Y15-19,F,DE,2010,12091
Y15-19,F,DE,2011,13989
Y15-19,F,DE,2012,16672
Y15-19,F,DE,2013,19583
Y15-19,F,DE,2014,25267
Y15-19,F,DE,2015,47256
Y15-19,F,DE,2016,34468
Y15-19,F,DE,2017,28805
Y15-19,F,DE,2018,27787
Y15-19,F,DE,2019,27076
Y15-19,F,DE,2020,20663
Y15-19,F,DE,2021,25920
Y15-19,M,DE,2008,19472
Y15-19,M,DE,2009,12056
Y15-19,M,DE,2010,14112
Y15-19,M,DE,2011,16285
Y15-19,M,DE,2012,20008
Y15-19,M,DE,2013,26452
Y15-19,M,DE,2014,40082
Y15-19,M,DE,2015,129632
Y15-19,M,DE,2016,59371
Y15-19,M,DE,2017,37363
Y15-19,M,DE,2018,33730
Y15-19,M,DE,2019,31825
Y15-19,M,DE,2020,25689
Y15-19,M,DE,2021,35251
Y15-19,F,DE,2008,314
Y15-19,F,DE,2009,114
Y15-19,F,DE,2010,745
Y15-19,F,DE,2011,372
Y15-19,F,DE,2012,87
Y15-19,F,DE,2013,130
Y15-19,F,DE,2014,126
Y15-19,F,DE,2015,1379
Y15-19,F,DE,2016,807
Y15-19,F,DE,2017,178
Y15-19,F,DE,2018,147
Y15-19,F,DE,2019,385
Y15-19,F,DE,2020,803
Y15-19,F,DE,2021,102
Y15-19,M,DE,2008,556
Y15-19,M,DE,2009,168
Y15-19,M,DE,2010,1020
Y15-19,M,DE,2011,570
Y15-19,M,DE,2012,98
Y15-19,M,DE,2013,239
Y15-19,M,DE,2014,342
Y15-19,M,DE,2015,5670
Y15-19,M,DE,2016,2297
Y15-19,M,DE,2017,345
Y15-19,M,DE,2018,284
Y15-19,M,DE,2019,529
Y15-19,M,DE,2020,1245
Y15-19,M,DE,2021,224
Y20-24,F,DE,2008,3126
Y20-24,F,DE,2009,1920
Y20-24,F,DE,2010,1830
Y20-24,M,DE,2008,3351
Y20-24,M,DE,2009,1967
Y20-24,M,DE,2010,1839
Y20-24,F,DE,2011,1920
Y20-24,F,DE,2012,1954
Y20-24,M,DE,2011,2070
Y20-24,M,DE,2012,2002
Y20-24,F,DE,2008,660
Y20-24,F,DE,2009,284
Y20-24,F,DE,2010,262
Y20-24,F,DE,2011,315
Y20-24,F,DE,2012,332
Y20-24,F,DE,2013,339
Y20-24,F,DE,2014,309
Y20-24,F,DE,2015,311
Y20-24,F,DE,2016,325
Y20-24,F,DE,2017,305
Y20-24,F,DE,2018,314
Y20-24,F,DE,2019,341
Y20-24,F,DE,2020,284
Y20-24,F,DE,2021,380
Y20-24,M,DE,2008,497
Y20-24,M,DE,2009,207
Y20-24,M,DE,2010,220
Y20-24,M,DE,2011,218
Y20-24,M,DE,2012,239
Y20-24,M,DE,2013,272
Y20-24,M,DE,2014,255
Y20-24,M,DE,2015,259
Y20-24,M,DE,2016,281
Y20-24,M,DE,2017,268
Y20-24,M,DE,2018,290
Y20-24,M,DE,2019,252
Y20-24,M,DE,2020,213
Y20-24,M,DE,2021,287
Y20-24,F,DE,2011,6690
Y20-24,F,DE,2012,8741
Y20-24,M,DE,2011,7216
Y20-24,M,DE,2012,9330
Y20-24,F,DE,2011,4884
Y20-24,F,DE,2012,6754
Y20-24,M,DE,2011,5362
Y20-24,M,DE,2012,7281
Y20-24,F,DE,2011,14118
Y20-24,F,DE,2012,18405
Y20-24,M,DE,2011,17280
Y20-24,M,DE,2012,21787
Y20-24,F,DE,2011,12312
Y20-24,F,DE,2012,16418
Y20-24,M,DE,2011,15426
Y20-24,M,DE,2012,19738
Y20-24,F,DE,2008,35397
Y20-24,F,DE,2009,12661
Y20-24,F,DE,2010,14075
Y20-24,F,DE,2011,18407
Y20-24,F,DE,2012,23970
Y20-24,M,DE,2008,40074
Y20-24,M,DE,2009,13734
Y20-24,M,DE,2010,16070
Y20-24,M,DE,2011,22437
Y20-24,M,DE,2012,28589
Y20-24,F,DE,2008,30960
Y20-24,F,DE,2009,10964
Y20-24,F,DE,2010,12353
Y20-24,F,DE,2011,16601
Y20-24,F,DE,2012,21983
Y20-24,M,DE,2008,34424
Y20-24,M,DE,2009,12160
Y20-24,M,DE,2010,14524
Y20-24,M,DE,2011,20583
Y20-24,M,DE,2012,26540
Y20-24,F,DE,2020,18988
Y20-24,F,DE,2021,21511
Y20-24,M,DE,2020,23654
Y20-24,M,DE,2021,26474
Y20-24,F,DE,2013,25837
Y20-24,F,DE,2014,28474
Y20-24,F,DE,2015,30925
Y20-24,F,DE,2016,27085
Y20-24,F,DE,2017,26354
Y20-24,F,DE,2018,24335
Y20-24,F,DE,2019,22134
Y20-24,M,DE,2013,31032
Y20-24,M,DE,2014,35160
Y20-24,M,DE,2015,38353
Y20-24,M,DE,2016,33536
Y20-24,M,DE,2017,33051
Y20-24,M,DE,2018,30454
Y20-24,M,DE,2019,27846
Y20-24,F,DE,2016,3202
Y20-24,M,DE,2016,4263
Y20-24,F,DE,2008,24984
Y20-24,F,DE,2009,15864
Y20-24,F,DE,2010,15668
Y20-24,F,DE,2011,18577
Y20-24,F,DE,2012,21566
Y20-24,M,DE,2008,22071
Y20-24,M,DE,2009,13354
Y20-24,M,DE,2010,13575
Y20-24,M,DE,2011,16551
Y20-24,M,DE,2012,21151
Y20-24,F,DE,2008,59730
Y20-24,F,DE,2009,29032
Y20-24,F,DE,2010,30113
Y20-24,F,DE,2011,37413
Y20-24,F,DE,2012,45835
Y20-24,F,DE,2013,51725
Y20-24,F,DE,2014,59248
Y20-24,F,DE,2015,84666
Y20-24,F,DE,2016,66070
Y20-24,F,DE,2017,61636
Y20-24,F,DE,2018,59089
Y20-24,F,DE,2019,55429
Y20-24,F,DE,2020,40688
Y20-24,F,DE,2021,58708
Y20-24,M,DE,2008,60343
Y20-24,M,DE,2009,27688
Y20-24,M,DE,2010,30158
Y20-24,M,DE,2011,39422
Y20-24,M,DE,2012,49932
Y20-24,M,DE,2013,60389
Y20-24,M,DE,2014,80098
Y20-24,M,DE,2015,165685
Y20-24,M,DE,2016,84221
Y20-24,M,DE,2017,70691
Y20-24,M,DE,2018,66217
Y20-24,M,DE,2019,64650
Y20-24,M,DE,2020,48934
Y20-24,M,DE,2021,69695
Y20-24,F,DE,2008,12291
Y20-24,F,DE,2009,6350
Y20-24,F,DE,2010,6396
Y20-24,F,DE,2011,7797
Y20-24,F,DE,2012,9062
Y20-24,M,DE,2008,9707
Y20-24,M,DE,2009,4331
Y20-24,M,DE,2010,4401
Y20-24,M,DE,2011,5737
Y20-24,M,DE,2012,6905
Y20-24,F,DE,2008,1198
Y20-24,F,DE,2009,1402
Y20-24,F,DE,2010,1341
Y20-24,F,DE,2011,1347
Y20-24,F,DE,2012,1388
Y20-24,M,DE,2008,2761
Y20-24,M,DE,2009,1754
Y20-24,M,DE,2010,1768
Y20-24,M,DE,2011,1595
Y20-24,M,DE,2012,1969
Y20-24,F,DE,2008,11495
Y20-24,F,DE,2009,8112
Y20-24,F,DE,2010,7931
Y20-24,F,DE,2011,9433
Y20-24,F,DE,2012,11116
Y20-24,M,DE,2008,9603
Y20-24,M,DE,2009,7269
Y20-24,M,DE,2010,7406
Y20-24,M,DE,2011,9219
Y20-24,M,DE,2012,12277
Y20-24,F,DE,2008,4437
Y20-24,F,DE,2009,1697
Y20-24,F,DE,2010,1722
Y20-24,F,DE,2011,1806
Y20-24,F,DE,2012,1987
Y20-24,F,DE,2013,1911
Y20-24,F,DE,2014,2018
Y20-24,F,DE,2015,1931
Y20-24,F,DE,2016,2846
Y20-24,F,DE,2017,3561
Y20-24,F,DE,2018,4621
Y20-24,F,DE,2019,4681
Y20-24,F,DE,2020,4474
Y20-24,F,DE,2021,4581
Y20-24,M,DE,2008,5650
Y20-24,M,DE,2009,1574
Y20-24,M,DE,2010,1546
Y20-24,M,DE,2011,1854
Y20-24,M,DE,2012,2049
Y20-24,M,DE,2013,2016
Y20-24,M,DE,2014,2180
Y20-24,M,DE,2015,2048
Y20-24,M,DE,2016,3585
Y20-24,M,DE,2017,4966
Y20-24,M,DE,2018,7032
Y20-24,M,DE,2019,7163
Y20-24,M,DE,2020,6439
Y20-24,M,DE,2021,6580
Y20-24,F,DE,2008,28770
Y20-24,F,DE,2009,18068
Y20-24,F,DE,2010,17760
Y20-24,F,DE,2011,20812
Y20-24,F,DE,2012,23852
Y20-24,M,DE,2008,25919
Y20-24,M,DE,2009,15528
Y20-24,M,DE,2010,15634
Y20-24,M,DE,2011,18839
Y20-24,M,DE,2012,23392
Y20-24,F,DE,2020,21700
Y20-24,F,DE,2021,37197
Y20-24,M,DE,2020,25280
Y20-24,M,DE,2021,43221
Y20-24,F,DE,2013,25888
Y20-24,F,DE,2014,30774
Y20-24,F,DE,2015,53741
Y20-24,F,DE,2016,38985
Y20-24,F,DE,2017,35282
Y20-24,F,DE,2018,34754
Y20-24,F,DE,2019,33295
Y20-24,M,DE,2013,29357
Y20-24,M,DE,2014,44938
Y20-24,M,DE,2015,127332
Y20-24,M,DE,2016,50685
Y20-24,M,DE,2017,37640
Y20-24,M,DE,2018,35763
Y20-24,M,DE,2019,36804
Y20-24,F,DE,2008,64901
Y20-24,F,DE,2009,30827
Y20-24,F,DE,2010,34149
Y20-24,F,DE,2011,40328
Y20-24,F,DE,2012,48040
Y20-24,F,DE,2013,54031
Y20-24,F,DE,2014,61518
Y20-24,F,DE,2015,88863
Y20-24,F,DE,2016,70159
Y20-24,F,DE,2017,65493
Y20-24,F,DE,2018,64033
Y20-24,F,DE,2019,60975
Y20-24,F,DE,2020,47159
Y20-24,F,DE,2021,63537
Y20-24,M,DE,2008,67495
Y20-24,M,DE,2009,29330
Y20-24,M,DE,2010,33962
Y20-24,M,DE,2011,42390
Y20-24,M,DE,2012,52222
Y20-24,M,DE,2013,62886
Y20-24,M,DE,2014,82724
Y20-24,M,DE,2015,173702
Y20-24,M,DE,2016,89707
Y20-24,M,DE,2017,76059
Y20-24,M,DE,2018,73586
Y20-24,M,DE,2019,72905
Y20-24,M,DE,2020,57866
Y20-24,M,DE,2021,76669
Y20-24,F,DE,2008,734
Y20-24,F,DE,2009,98
Y20-24,F,DE,2010,2314
Y20-24,F,DE,2011,1109
Y20-24,F,DE,2012,218
Y20-24,F,DE,2013,395
Y20-24,F,DE,2014,252
Y20-24,F,DE,2015,2266
Y20-24,F,DE,2016,1243
Y20-24,F,DE,2017,296
Y20-24,F,DE,2018,323
Y20-24,F,DE,2019,865
Y20-24,F,DE,2020,1997
Y20-24,F,DE,2021,248
Y20-24,M,DE,2008,1502
Y20-24,M,DE,2009,68
Y20-24,M,DE,2010,2258
Y20-24,M,DE,2011,1114
Y20-24,M,DE,2012,241
Y20-24,M,DE,2013,481
Y20-24,M,DE,2014,446
Y20-24,M,DE,2015,5969
Y20-24,M,DE,2016,1901
Y20-24,M,DE,2017,402
Y20-24,M,DE,2018,337
Y20-24,M,DE,2019,1092
Y20-24,M,DE,2020,2493
Y20-24,M,DE,2021,394
Y25-29,F,DE,2008,1908
Y25-29,F,DE,2009,1410
Y25-29,F,DE,2010,1333
Y25-29,M,DE,2008,4110
Y25-29,M,DE,2009,2172
Y25-29,M,DE,2010,1983
Y25-29,F,DE,2011,1411
Y25-29,F,DE,2012,1408
Y25-29,M,DE,2011,2284
Y25-29,M,DE,2012,2489
Y25-29,F,DE,2008,460
Y25-29,F,DE,2009,211
Y25-29,F,DE,2010,223
Y25-29,F,DE,2011,218
Y25-29,F,DE,2012,212
Y25-29,F,DE,2013,260
Y25-29,F,DE,2014,253
Y25-29,F,DE,2015,238
Y25-29,F,DE,2016,273
Y25-29,F,DE,2017,284
Y25-29,F,DE,2018,309
Y25-29,F,DE,2019,296
Y25-29,F,DE,2020,238
Y25-29,F,DE,2021,297
Y25-29,M,DE,2008,543
Y25-29,M,DE,2009,213
Y25-29,M,DE,2010,213
Y25-29,M,DE,2011,230
Y25-29,M,DE,2012,230
Y25-29,M,DE,2013,239
Y25-29,M,DE,2014,237
Y25-29,M,DE,2015,273
Y25-29,M,DE,2016,254
Y25-29,M,DE,2017,294
Y25-29,M,DE,2018,259
Y25-29,M,DE,2019,269
Y25-29,M,DE,2020,241
Y25-29,M,DE,2021,304
Y25-29,F,DE,2011,6669
Y25-29,F,DE,2012,8303
Y25-29,M,DE,2011,7994
Y25-29,M,DE,2012,10005
Y25-29,F,DE,2011,3468
Y25-29,F,DE,2012,5153
Y25-29,M,DE,2011,5240
Y25-29,M,DE,2012,7207
Y25-29,F,DE,2011,13413
Y25-29,F,DE,2012,16938
Y25-29,M,DE,2011,19638
Y25-29,M,DE,2012,24165
Y25-29,F,DE,2011,10212
Y25-29,F,DE,2012,13788
Y25-29,M,DE,2011,16884
Y25-29,M,DE,2012,21367
Y25-29,F,DE,2008,25170
Y25-29,F,DE,2009,12497
Y25-29,F,DE,2010,13639
Y25-29,F,DE,2011,17377
Y25-29,F,DE,2012,22456
Y25-29,M,DE,2008,40003
Y25-29,M,DE,2009,14999
Y25-29,M,DE,2010,18273
Y25-29,M,DE,2011,25360
Y25-29,M,DE,2012,32309
Y25-29,F,DE,2008,20205
Y25-29,F,DE,2009,9734
Y25-29,F,DE,2010,10716
Y25-29,F,DE,2011,14176
Y25-29,F,DE,2012,19306
Y25-29,M,DE,2008,33599
Y25-29,M,DE,2009,12664
Y25-29,M,DE,2010,15569
Y25-29,M,DE,2011,22606
Y25-29,M,DE,2012,29511
Y25-29,F,DE,2020,16375
Y25-29,F,DE,2021,15611
Y25-29,M,DE,2020,23740
Y25-29,M,DE,2021,23858
Y25-29,F,DE,2013,22163
Y25-29,F,DE,2014,25888
Y25-29,F,DE,2015,28271
Y25-29,F,DE,2016,24775
Y25-29,F,DE,2017,23474
Y25-29,F,DE,2018,20873
Y25-29,F,DE,2019,18577
Y25-29,M,DE,2013,34187
Y25-29,M,DE,2014,39318
Y25-29,M,DE,2015,42408
Y25-29,M,DE,2016,36639
Y25-29,M,DE,2017,35032
Y25-29,M,DE,2018,31476
Y25-29,M,DE,2019,28380
Y25-29,F,DE,2016,3303
Y25-29,M,DE,2016,4917
Y25-29,F,DE,2008,18888
Y25-29,F,DE,2009,13837
Y25-29,F,DE,2010,13416
Y25-29,F,DE,2011,15501
Y25-29,F,DE,2012,17822
Y25-29,M,DE,2008,23372
Y25-29,M,DE,2009,13541
Y25-29,M,DE,2010,13741
Y25-29,M,DE,2011,16965
Y25-29,M,DE,2012,21061
Y25-29,F,DE,2008,41461
Y25-29,F,DE,2009,25192
Y25-29,F,DE,2010,25688
Y25-29,F,DE,2011,31306
Y25-29,F,DE,2012,38748
Y25-29,F,DE,2013,44258
Y25-29,F,DE,2014,54584
Y25-29,F,DE,2015,80997
Y25-29,F,DE,2016,62813
Y25-29,F,DE,2017,58736
Y25-29,F,DE,2018,56071
Y25-29,F,DE,2019,54832
Y25-29,F,DE,2020,42077
Y25-29,F,DE,2021,58586
Y25-29,M,DE,2008,61624
Y25-29,M,DE,2009,28590
Y25-29,M,DE,2010,31506
Y25-29,M,DE,2011,42085
Y25-29,M,DE,2012,53291
Y25-29,M,DE,2013,63889
Y25-29,M,DE,2014,82538
Y25-29,M,DE,2015,152052
Y25-29,M,DE,2016,84898
Y25-29,M,DE,2017,74184
Y25-29,M,DE,2018,70449
Y25-29,M,DE,2019,68353
Y25-29,M,DE,2020,52908
Y25-29,M,DE,2021,72204
Y25-29,F,DE,2008,8377
Y25-29,F,DE,2009,5634
Y25-29,F,DE,2010,5535
Y25-29,F,DE,2011,6283
Y25-29,F,DE,2012,7220
Y25-29,M,DE,2008,8748
Y25-29,M,DE,2009,4824
Y25-29,M,DE,2010,4824
Y25-29,M,DE,2011,5861
Y25-29,M,DE,2012,7199
Y25-29,F,DE,2008,1248
Y25-29,F,DE,2009,1387
Y25-29,F,DE,2010,1286
Y25-29,F,DE,2011,1348
Y25-29,F,DE,2012,1424
Y25-29,M,DE,2008,2561
Y25-29,M,DE,2009,1758
Y25-29,M,DE,2010,1706
Y25-29,M,DE,2011,1714
Y25-29,M,DE,2012,2097
Y25-29,F,DE,2008,9263
Y25-29,F,DE,2009,6816
Y25-29,F,DE,2010,6595
Y25-29,F,DE,2011,7870
Y25-29,F,DE,2012,9178
Y25-29,M,DE,2008,12063
Y25-29,M,DE,2009,6959
Y25-29,M,DE,2010,7211
Y25-29,M,DE,2011,9390
Y25-29,M,DE,2012,11765
Y25-29,F,DE,2008,4965
Y25-29,F,DE,2009,2763
Y25-29,F,DE,2010,2923
Y25-29,F,DE,2011,3201
Y25-29,F,DE,2012,3150
Y25-29,F,DE,2013,2950
Y25-29,F,DE,2014,3077
Y25-29,F,DE,2015,3155
Y25-29,F,DE,2016,3875
Y25-29,F,DE,2017,4714
Y25-29,F,DE,2018,5557
Y25-29,F,DE,2019,5556
Y25-29,F,DE,2020,5174
Y25-29,F,DE,2021,5264
Y25-29,M,DE,2008,6404
Y25-29,M,DE,2009,2335
Y25-29,M,DE,2010,2704
Y25-29,M,DE,2011,2754
Y25-29,M,DE,2012,2798
Y25-29,M,DE,2013,2633
Y25-29,M,DE,2014,2940
Y25-29,M,DE,2015,2880
Y25-29,M,DE,2016,5082
Y25-29,M,DE,2017,6999
Y25-29,M,DE,2018,9149
Y25-29,M,DE,2019,9568
Y25-29,M,DE,2020,8527
Y25-29,M,DE,2021,9014
Y25-29,F,DE,2008,21256
Y25-29,F,DE,2009,15458
Y25-29,F,DE,2010,14972
Y25-29,F,DE,2011,17130
Y25-29,F,DE,2012,19442
Y25-29,M,DE,2008,28025
Y25-29,M,DE,2009,15926
Y25-29,M,DE,2010,15937
Y25-29,M,DE,2011,19479
Y25-29,M,DE,2012,23780
Y25-29,F,DE,2020,25702
Y25-29,F,DE,2021,42975
Y25-29,M,DE,2020,29168
Y25-29,M,DE,2021,48346
Y25-29,F,DE,2013,22095
Y25-29,F,DE,2014,28696
Y25-29,F,DE,2015,52726
Y25-29,F,DE,2016,38038
Y25-29,F,DE,2017,35262
Y25-29,F,DE,2018,35198
Y25-29,F,DE,2019,36255
Y25-29,M,DE,2013,29702
Y25-29,M,DE,2014,43220
Y25-29,M,DE,2015,109644
Y25-29,M,DE,2016,48259
Y25-29,M,DE,2017,39152
Y25-29,M,DE,2018,38973
Y25-29,M,DE,2019,39973
Y25-29,F,DE,2008,47002
Y25-29,F,DE,2009,28101
Y25-29,F,DE,2010,30726
Y25-29,F,DE,2011,35496
Y25-29,F,DE,2012,42090
Y25-29,F,DE,2013,47611
Y25-29,F,DE,2014,57862
Y25-29,F,DE,2015,86297
Y25-29,F,DE,2016,67857
Y25-29,F,DE,2017,63743
Y25-29,F,DE,2018,61952
Y25-29,F,DE,2019,61348
Y25-29,F,DE,2020,49443
Y25-29,F,DE,2021,64150
Y25-29,M,DE,2008,69632
Y25-29,M,DE,2009,31019
Y25-29,M,DE,2010,36614
Y25-29,M,DE,2011,46023
Y25-29,M,DE,2012,56327
Y25-29,M,DE,2013,67034
Y25-29,M,DE,2014,85905
Y25-29,M,DE,2015,159800
Y25-29,M,DE,2016,91678
Y25-29,M,DE,2017,81564
Y25-29,M,DE,2018,80003
Y25-29,M,DE,2019,79113
Y25-29,M,DE,2020,64159
Y25-29,M,DE,2021,81644
Y25-29,F,DE,2008,576
Y25-29,F,DE,2009,146
Y25-29,F,DE,2010,2115
Y25-29,F,DE,2011,989
Y25-29,F,DE,2012,192
Y25-29,F,DE,2013,403
Y25-29,F,DE,2014,201
Y25-29,F,DE,2015,2145
Y25-29,F,DE,2016,1169
Y25-29,F,DE,2017,293
Y25-29,F,DE,2018,324
Y25-29,F,DE,2019,960
Y25-29,F,DE,2020,2192
Y25-29,F,DE,2021,300
Y25-29,M,DE,2008,1604
Y25-29,M,DE,2009,94
Y25-29,M,DE,2010,2404
Y25-29,M,DE,2011,1184
Y25-29,M,DE,2012,238
Y25-29,M,DE,2013,512
Y25-29,M,DE,2014,427
Y25-29,M,DE,2015,4868
Y25-29,M,DE,2016,1698
Y25-29,M,DE,2017,381
Y25-29,M,DE,2018,405
Y25-29,M,DE,2019,1192
Y25-29,M,DE,2020,2724
Y25-29,M,DE,2021,426
Y30-34,F,DE,2008,1215
Y30-34,F,DE,2009,862
Y30-34,F,DE,2010,993
Y30-34,M,DE,2008,3046
Y30-34,M,DE,2009,1260
Y30-34,M,DE,2010,1235
Y30-34,F,DE,2011,1110
Y30-34,F,DE,2012,1119
Y30-34,M,DE,2011,1476
Y30-34,M,DE,2012,1786
Y30-34,F,DE,2008,249
Y30-34,F,DE,2009,146
Y30-34,F,DE,2010,145
Y30-34,F,DE,2011,153
Y30-34,F,DE,2012,143
Y30-34,F,DE,2013,167
Y30-34,F,DE,2014,146
Y30-34,F,DE,2015,156
Y30-34,F,DE,2016,157
Y30-34,F,DE,2017,171
Y30-34,F,DE,2018,191
Y30-34,F,DE,2019,182
Y30-34,F,DE,2020,180
Y30-34,F,DE,2021,204
Y30-34,M,DE,2008,297
Y30-34,M,DE,2009,150
Y30-34,M,DE,2010,171
Y30-34,M,DE,2011,167
Y30-34,M,DE,2012,157
Y30-34,M,DE,2013,191
Y30-34,M,DE,2014,160
Y30-34,M,DE,2015,203
Y30-34,M,DE,2016,191
Y30-34,M,DE,2017,180
Y30-34,M,DE,2018,193
Y30-34,M,DE,2019,202
Y30-34,M,DE,2020,191
Y30-34,M,DE,2021,190
Y30-34,F,DE,2011,6645
Y30-34,F,DE,2012,7863
Y30-34,M,DE,2011,8274
Y30-34,M,DE,2012,9871
Y30-34,F,DE,2011,2900
Y30-34,F,DE,2012,4027
Y30-34,M,DE,2011,4643
Y30-34,M,DE,2012,6082
Y30-34,F,DE,2011,11397
Y30-34,F,DE,2012,13817
Y30-34,M,DE,2011,18572
Y30-34,M,DE,2012,22280
Y30-34,F,DE,2011,7652
Y30-34,F,DE,2012,9981
Y30-34,M,DE,2011,14941
Y30-34,M,DE,2012,18491
Y30-34,F,DE,2008,17593
Y30-34,F,DE,2009,9674
Y30-34,F,DE,2010,10859
Y30-34,F,DE,2011,14661
Y30-34,F,DE,2012,17865
Y30-34,M,DE,2008,36832
Y30-34,M,DE,2009,14054
Y30-34,M,DE,2010,16938
Y30-34,M,DE,2011,24174
Y30-34,M,DE,2012,29533
Y30-34,F,DE,2008,13457
Y30-34,F,DE,2009,6834
Y30-34,F,DE,2010,7513
Y30-34,F,DE,2011,10916
Y30-34,F,DE,2012,14029
Y30-34,M,DE,2008,30558
Y30-34,M,DE,2009,11048
Y30-34,M,DE,2010,13465
Y30-34,M,DE,2011,20543
Y30-34,M,DE,2012,25744
Y30-34,F,DE,2020,12059
Y30-34,F,DE,2021,11066
Y30-34,M,DE,2020,20791
Y30-34,M,DE,2021,19683
Y30-34,F,DE,2013,15893
Y30-34,F,DE,2014,18257
Y30-34,F,DE,2015,19783
Y30-34,F,DE,2016,17197
Y30-34,F,DE,2017,16492
Y30-34,F,DE,2018,15458
Y30-34,F,DE,2019,13979
Y30-34,M,DE,2013,28809
Y30-34,M,DE,2014,32686
Y30-34,M,DE,2015,34165
Y30-34,M,DE,2016,29517
Y30-34,M,DE,2017,29103
Y30-34,M,DE,2018,27427
Y30-34,M,DE,2019,24773
Y30-34,F,DE,2016,2557
Y30-34,M,DE,2016,3914
Y30-34,F,DE,2008,11854
Y30-34,F,DE,2009,9041
Y30-34,F,DE,2010,8994
Y30-34,F,DE,2011,10901
Y30-34,F,DE,2012,12930
Y30-34,M,DE,2008,15571
Y30-34,M,DE,2009,9046
Y30-34,M,DE,2010,9340
Y30-34,M,DE,2011,11968
Y30-34,M,DE,2012,14791
Y30-34,F,DE,2008,26775
Y30-34,F,DE,2009,16883
Y30-34,F,DE,2010,17645
Y30-34,F,DE,2011,23080
Y30-34,F,DE,2012,28221
Y30-34,F,DE,2013,32463
Y30-34,F,DE,2014,40150
Y30-34,F,DE,2015,60488
Y30-34,F,DE,2016,46378
Y30-34,F,DE,2017,43806
Y30-34,F,DE,2018,42772
Y30-34,F,DE,2019,41817
Y30-34,F,DE,2020,32179
Y30-34,F,DE,2021,41433
Y30-34,M,DE,2008,49472
Y30-34,M,DE,2009,21504
Y30-34,M,DE,2010,24211
Y30-34,M,DE,2011,34154
Y30-34,M,DE,2012,42478
Y30-34,M,DE,2013,49216
Y30-34,M,DE,2014,63252
Y30-34,M,DE,2015,105896
Y30-34,M,DE,2016,64200
Y30-34,M,DE,2017,58736
Y30-34,M,DE,2018,58041
Y30-34,M,DE,2019,57404
Y30-34,M,DE,2020,44821
Y30-34,M,DE,2021,55549
Y30-34,F,DE,2008,5646
Y30-34,F,DE,2009,4062
Y30-34,F,DE,2010,3919
Y30-34,F,DE,2011,4724
Y30-34,F,DE,2012,5503
Y30-34,M,DE,2008,6199
Y30-34,M,DE,2009,3513
Y30-34,M,DE,2010,3705
Y30-34,M,DE,2011,4589
Y30-34,M,DE,2012,5636
Y30-34,F,DE,2008,731
Y30-34,F,DE,2009,913
Y30-34,F,DE,2010,871
Y30-34,F,DE,2011,986
Y30-34,F,DE,2012,1072
Y30-34,M,DE,2008,1762
Y30-34,M,DE,2009,1117
Y30-34,M,DE,2010,1160
Y30-34,M,DE,2011,1205
Y30-34,M,DE,2012,1405
Y30-34,F,DE,2008,5477
Y30-34,F,DE,2009,4066
Y30-34,F,DE,2010,4204
Y30-34,F,DE,2011,5191
Y30-34,F,DE,2012,6355
Y30-34,M,DE,2008,7610
Y30-34,M,DE,2009,4416
Y30-34,M,DE,2010,4475
Y30-34,M,DE,2011,6174
Y30-34,M,DE,2012,7750
Y30-34,F,DE,2008,4136
Y30-34,F,DE,2009,2840
Y30-34,F,DE,2010,3346
Y30-34,F,DE,2011,3745
Y30-34,F,DE,2012,3836
Y30-34,F,DE,2013,3727
Y30-34,F,DE,2014,3898
Y30-34,F,DE,2015,3696
Y30-34,F,DE,2016,4230
Y30-34,F,DE,2017,4810
Y30-34,F,DE,2018,5783
Y30-34,F,DE,2019,5882
Y30-34,F,DE,2020,5691
Y30-34,F,DE,2021,5402
Y30-34,M,DE,2008,6274
Y30-34,M,DE,2009,3006
Y30-34,M,DE,2010,3473
Y30-34,M,DE,2011,3631
Y30-34,M,DE,2012,3789
Y30-34,M,DE,2013,3640
Y30-34,M,DE,2014,3697
Y30-34,M,DE,2015,3639
Y30-34,M,DE,2016,5642
Y30-34,M,DE,2017,7712
Y30-34,M,DE,2018,10126
Y30-34,M,DE,2019,11003
Y30-34,M,DE,2020,10509
Y30-34,M,DE,2021,10645
Y30-34,F,DE,2008,13318
Y30-34,F,DE,2009,10049
Y30-34,F,DE,2010,10132
Y30-34,F,DE,2011,12164
Y30-34,F,DE,2012,14192
Y30-34,M,DE,2008,18914
Y30-34,M,DE,2009,10456
Y30-34,M,DE,2010,10746
Y30-34,M,DE,2011,13611
Y30-34,M,DE,2012,16734
Y30-34,F,DE,2020,20120
Y30-34,F,DE,2021,30367
Y30-34,M,DE,2020,24030
Y30-34,M,DE,2021,35866
Y30-34,F,DE,2013,16570
Y30-34,F,DE,2014,21893
Y30-34,F,DE,2015,40705
Y30-34,F,DE,2016,29181
Y30-34,F,DE,2017,27314
Y30-34,F,DE,2018,27314
Y30-34,F,DE,2019,27838
Y30-34,M,DE,2013,20407
Y30-34,M,DE,2014,30566
Y30-34,M,DE,2015,71731
Y30-34,M,DE,2016,34683
Y30-34,M,DE,2017,29633
Y30-34,M,DE,2018,30614
Y30-34,M,DE,2019,32631
Y30-34,F,DE,2008,31392
Y30-34,F,DE,2009,19849
Y30-34,F,DE,2010,22372
Y30-34,F,DE,2011,27524
Y30-34,F,DE,2012,32202
Y30-34,F,DE,2013,36457
Y30-34,F,DE,2014,44243
Y30-34,F,DE,2015,65811
Y30-34,F,DE,2016,51615
Y30-34,F,DE,2017,48860
Y30-34,F,DE,2018,48804
Y30-34,F,DE,2019,48384
Y30-34,F,DE,2020,39598
Y30-34,F,DE,2021,47074
Y30-34,M,DE,2008,56811
Y30-34,M,DE,2009,24612
Y30-34,M,DE,2010,29465
Y30-34,M,DE,2011,38675
Y30-34,M,DE,2012,46481
Y30-34,M,DE,2013,53228
Y30-34,M,DE,2014,67257
Y30-34,M,DE,2015,112586
Y30-34,M,DE,2016,71011
Y30-34,M,DE,2017,66672
Y30-34,M,DE,2018,68454
Y30-34,M,DE,2019,69363
Y30-34,M,DE,2020,57516
Y30-34,M,DE,2021,66498
Y30-34,F,DE,2008,481
Y30-34,F,DE,2009,126
Y30-34,F,DE,2010,1381
Y30-34,F,DE,2011,699
Y30-34,F,DE,2012,145
Y30-34,F,DE,2013,267
Y30-34,F,DE,2014,195
Y30-34,F,DE,2015,1627
Y30-34,F,DE,2016,1007
Y30-34,F,DE,2017,244
Y30-34,F,DE,2018,249
Y30-34,F,DE,2019,685
Y30-34,F,DE,2020,1728
Y30-34,F,DE,2021,239
Y30-34,M,DE,2008,1065
Y30-34,M,DE,2009,102
Y30-34,M,DE,2010,1781
Y30-34,M,DE,2011,890
Y30-34,M,DE,2012,214
Y30-34,M,DE,2013,372
Y30-34,M,DE,2014,308
Y30-34,M,DE,2015,3051
Y30-34,M,DE,2016,1169
Y30-34,M,DE,2017,224
Y30-34,M,DE,2018,287
Y30-34,M,DE,2019,956
Y30-34,M,DE,2020,2186
Y30-34,M,DE,2021,304
Y35-39,F,DE,2008,1096
Y35-39,F,DE,2009,660
Y35-39,F,DE,2010,599
Y35-39,M,DE,2008,2720
Y35-39,M,DE,2009,819
Y35-39,M,DE,2010,787
Y35-39,F,DE,2011,737
Y35-39,F,DE,2012,824
Y35-39,M,DE,2011,1030
Y35-39,M,DE,2012,1159
Y35-39,F,DE,2008,187
Y35-39,F,DE,2009,118
Y35-39,F,DE,2010,90
Y35-39,F,DE,2011,106
Y35-39,F,DE,2012,106
Y35-39,F,DE,2013,83
Y35-39,F,DE,2014,109
Y35-39,F,DE,2015,104
Y35-39,F,DE,2016,113
Y35-39,F,DE,2017,121
Y35-39,F,DE,2018,106
Y35-39,F,DE,2019,114
Y35-39,F,DE,2020,104
Y35-39,F,DE,2021,86
Y35-39,M,DE,2008,254
Y35-39,M,DE,2009,140
Y35-39,M,DE,2010,118
Y35-39,M,DE,2011,112
Y35-39,M,DE,2012,129
Y35-39,M,DE,2013,134
Y35-39,M,DE,2014,122
Y35-39,M,DE,2015,141
Y35-39,M,DE,2016,145
Y35-39,M,DE,2017,149
Y35-39,M,DE,2018,132
Y35-39,M,DE,2019,168
Y35-39,M,DE,2020,133
Y35-39,M,DE,2021,109
Y35-39,F,DE,2011,4680
Y35-39,F,DE,2012,5730
Y35-39,M,DE,2011,7178
Y35-39,M,DE,2012,8488
Y35-39,F,DE,2011,2141
Y35-39,F,DE,2012,3012
Y35-39,M,DE,2011,3771
Y35-39,M,DE,2012,5089
Y35-39,F,DE,2011,8461
Y35-39,F,DE,2012,10481
Y35-39,M,DE,2011,16263
Y35-39,M,DE,2012,19709
Y35-39,F,DE,2011,5922
Y35-39,F,DE,2012,7763
Y35-39,M,DE,2011,12856
Y35-39,M,DE,2012,16310
Y35-39,F,DE,2008,13961
Y35-39,F,DE,2009,7046
Y35-39,F,DE,2010,7973
Y35-39,F,DE,2011,10943
Y35-39,F,DE,2012,13899
Y35-39,M,DE,2008,31166
Y35-39,M,DE,2009,12132
Y35-39,M,DE,2010,14235
Y35-39,M,DE,2011,21030
Y35-39,M,DE,2012,26287
Y35-39,F,DE,2008,10640
Y35-39,F,DE,2009,4782
Y35-39,F,DE,2010,5484
Y35-39,F,DE,2011,8404
Y35-39,F,DE,2012,11181
Y35-39,M,DE,2008,25347
Y35-39,M,DE,2009,8959
Y35-39,M,DE,2010,10961
Y35-39,M,DE,2011,17623
Y35-39,M,DE,2012,22888
Y35-39,F,DE,2020,9257
Y35-39,F,DE,2021,8213
Y35-39,M,DE,2020,17026
Y35-39,M,DE,2021,16075
Y35-39,F,DE,2013,12937
Y35-39,F,DE,2014,15183
Y35-39,F,DE,2015,16315
Y35-39,F,DE,2016,13794
Y35-39,F,DE,2017,12809
Y35-39,F,DE,2018,11957
Y35-39,F,DE,2019,10880
Y35-39,M,DE,2013,25483
Y35-39,M,DE,2014,28401
Y35-39,M,DE,2015,29447
Y35-39,M,DE,2016,25054
Y35-39,M,DE,2017,24372
Y35-39,M,DE,2018,22618
Y35-39,M,DE,2019,20423
Y35-39,F,DE,2016,1853
Y35-39,M,DE,2016,2952
Y35-39,F,DE,2008,7404
Y35-39,F,DE,2009,5498
Y35-39,F,DE,2010,5309
Y35-39,F,DE,2011,6578
Y35-39,F,DE,2012,7967
Y35-39,M,DE,2008,10826
Y35-39,M,DE,2009,5852
Y35-39,M,DE,2010,5735
Y35-39,M,DE,2011,7317
Y35-39,M,DE,2012,9361
Y35-39,F,DE,2008,19327
Y35-39,F,DE,2009,11058
Y35-39,F,DE,2010,11482
Y35-39,F,DE,2011,15825
Y35-39,F,DE,2012,20078
Y35-39,F,DE,2013,23384
Y35-39,F,DE,2014,29284
Y35-39,F,DE,2015,44045
Y35-39,F,DE,2016,33096
Y35-39,F,DE,2017,31339
Y35-39,F,DE,2018,30530
Y35-39,F,DE,2019,29820
Y35-39,F,DE,2020,22899
Y35-39,F,DE,2021,28022
Y35-39,M,DE,2008,39147
Y35-39,M,DE,2009,15770
Y35-39,M,DE,2010,17601
Y35-39,M,DE,2011,26082
Y35-39,M,DE,2012,33537
Y35-39,M,DE,2013,38826
Y35-39,M,DE,2014,48172
Y35-39,M,DE,2015,76286
Y35-39,M,DE,2016,48329
Y35-39,M,DE,2017,45312
Y35-39,M,DE,2018,43909
Y35-39,M,DE,2019,43704
Y35-39,M,DE,2020,34429
Y35-39,M,DE,2021,41348
Y35-39,F,DE,2008,3622
Y35-39,F,DE,2009,2643
Y35-39,F,DE,2010,2531
Y35-39,F,DE,2011,3105
Y35-39,F,DE,2012,3736
Y35-39,M,DE,2008,4596
Y35-39,M,DE,2009,2587
Y35-39,M,DE,2010,2531
Y35-39,M,DE,2011,3273
Y35-39,M,DE,2012,4027
Y35-39,F,DE,2008,501
Y35-39,F,DE,2009,586
Y35-39,F,DE,2010,544
Y35-39,F,DE,2011,564
Y35-39,F,DE,2012,663
Y35-39,M,DE,2008,1178
Y35-39,M,DE,2009,788
Y35-39,M,DE,2010,750
Y35-39,M,DE,2011,776
Y35-39,M,DE,2012,982
Y35-39,F,DE,2008,3281
Y35-39,F,DE,2009,2269
Y35-39,F,DE,2010,2234
Y35-39,F,DE,2011,2909
Y35-39,F,DE,2012,3568
Y35-39,M,DE,2008,5052
Y35-39,M,DE,2009,2477
Y35-39,M,DE,2010,2454
Y35-39,M,DE,2011,3268
Y35-39,M,DE,2012,4352
Y35-39,F,DE,2008,3321
Y35-39,F,DE,2009,2264
Y35-39,F,DE,2010,2489
Y35-39,F,DE,2011,2539
Y35-39,F,DE,2012,2718
Y35-39,F,DE,2013,2833
Y35-39,F,DE,2014,2974
Y35-39,F,DE,2015,2885
Y35-39,F,DE,2016,3436
Y35-39,F,DE,2017,3898
Y35-39,F,DE,2018,4404
Y35-39,F,DE,2019,4521
Y35-39,F,DE,2020,4472
Y35-39,F,DE,2021,4317
Y35-39,M,DE,2008,5819
Y35-39,M,DE,2009,3173
Y35-39,M,DE,2010,3274
Y35-39,M,DE,2011,3407
Y35-39,M,DE,2012,3399
Y35-39,M,DE,2013,3302
Y35-39,M,DE,2014,3558
Y35-39,M,DE,2015,3449
Y35-39,M,DE,2016,5234
Y35-39,M,DE,2017,6563
Y35-39,M,DE,2018,8903
Y35-39,M,DE,2019,9584
Y35-39,M,DE,2020,8981
Y35-39,M,DE,2021,9170
Y35-39,F,DE,2008,8687
Y35-39,F,DE,2009,6276
Y35-39,F,DE,2010,5998
Y35-39,F,DE,2011,7421
Y35-39,F,DE,2012,8897
Y35-39,M,DE,2008,13800
Y35-39,M,DE,2009,6811
Y35-39,M,DE,2010,6640
Y35-39,M,DE,2011,8459
Y35-39,M,DE,2012,10649
Y35-39,F,DE,2020,13642
Y35-39,F,DE,2021,19809
Y35-39,M,DE,2020,17403
Y35-39,M,DE,2021,25273
Y35-39,F,DE,2013,10447
Y35-39,F,DE,2014,14101
Y35-39,F,DE,2015,27730
Y35-39,F,DE,2016,19302
Y35-39,F,DE,2017,18530
Y35-39,F,DE,2018,18573
Y35-39,F,DE,2019,18940
Y35-39,M,DE,2013,13343
Y35-39,M,DE,2014,19771
Y35-39,M,DE,2015,46839
Y35-39,M,DE,2016,23275
Y35-39,M,DE,2017,20940
Y35-39,M,DE,2018,21291
Y35-39,M,DE,2019,23281
Y35-39,F,DE,2008,23017
Y35-39,F,DE,2009,13420
Y35-39,F,DE,2010,14913
Y35-39,F,DE,2011,18840
Y35-39,F,DE,2012,22882
Y35-39,F,DE,2013,26397
Y35-39,F,DE,2014,32403
Y35-39,F,DE,2015,47970
Y35-39,F,DE,2016,37162
Y35-39,F,DE,2017,35387
Y35-39,F,DE,2018,35131
Y35-39,F,DE,2019,34878
Y35-39,F,DE,2020,28519
Y35-39,F,DE,2021,32482
Y35-39,M,DE,2008,45835
Y35-39,M,DE,2009,19033
Y35-39,M,DE,2010,22086
Y35-39,M,DE,2011,30166
Y35-39,M,DE,2012,37068
Y35-39,M,DE,2013,42457
Y35-39,M,DE,2014,51946
Y35-39,M,DE,2015,81699
Y35-39,M,DE,2016,54337
Y35-39,M,DE,2017,52050
Y35-39,M,DE,2018,53016
Y35-39,M,DE,2019,53984
Y35-39,M,DE,2020,44941
Y35-39,M,DE,2021,50774
Y35-39,F,DE,2008,369
Y35-39,F,DE,2009,98
Y35-39,F,DE,2010,942
Y35-39,F,DE,2011,476
Y35-39,F,DE,2012,86
Y35-39,F,DE,2013,180
Y35-39,F,DE,2014,145
Y35-39,F,DE,2015,1040
Y35-39,F,DE,2016,630
Y35-39,F,DE,2017,150
Y35-39,F,DE,2018,197
Y35-39,F,DE,2019,537
Y35-39,F,DE,2020,1148
Y35-39,F,DE,2021,143
Y35-39,M,DE,2008,869
Y35-39,M,DE,2009,90
Y35-39,M,DE,2010,1211
Y35-39,M,DE,2011,677
Y35-39,M,DE,2012,132
Y35-39,M,DE,2013,329
Y35-39,M,DE,2014,216
Y35-39,M,DE,2015,1964
Y35-39,M,DE,2016,774
Y35-39,M,DE,2017,175
Y35-39,M,DE,2018,204
Y35-39,M,DE,2019,696
Y35-39,M,DE,2020,1531
Y35-39,M,DE,2021,256
Y40-44,F,DE,2008,728
Y40-44,F,DE,2009,383
Y40-44,F,DE,2010,399
Y40-44,M,DE,2008,2561
Y40-44,M,DE,2009,613
Y40-44,M,DE,2010,595
Y40-44,F,DE,2011,469
Y40-44,F,DE,2012,540
Y40-44,M,DE,2011,734
Y40-44,M,DE,2012,937
Y40-44,F,DE,2008,125
Y40-44,F,DE,2009,81
Y40-44,F,DE,2010,69
Y40-44,F,DE,2011,81
Y40-44,F,DE,2012,80
Y40-44,F,DE,2013,67
Y40-44,F,DE,2014,68
Y40-44,F,DE,2015,90
Y40-44,F,DE,2016,86
Y40-44,F,DE,2017,81
Y40-44,F,DE,2018,87
Y40-44,F,DE,2019,94
Y40-44,F,DE,2020,83
Y40-44,F,DE,2021,59
Y40-44,M,DE,2008,176
Y40-44,M,DE,2009,120
Y40-44,M,DE,2010,95
Y40-44,M,DE,2011,110
Y40-44,M,DE,2012,90
Y40-44,M,DE,2013,117
Y40-44,M,DE,2014,115
Y40-44,M,DE,2015,112
Y40-44,M,DE,2016,105
Y40-44,M,DE,2017,140
Y40-44,M,DE,2018,108
Y40-44,M,DE,2019,99
Y40-44,M,DE,2020,102
Y40-44,M,DE,2021,66
Y40-44,F,DE,2011,4223
Y40-44,F,DE,2012,4817
Y40-44,M,DE,2011,6839
Y40-44,M,DE,2012,7823
Y40-44,F,DE,2011,1716
Y40-44,F,DE,2012,2413
Y40-44,M,DE,2011,3264
Y40-44,M,DE,2012,4335
Y40-44,F,DE,2011,7374
Y40-44,F,DE,2012,8759
Y40-44,M,DE,2011,13774
Y40-44,M,DE,2012,16380
Y40-44,F,DE,2011,4867
Y40-44,F,DE,2012,6355
Y40-44,M,DE,2011,10199
Y40-44,M,DE,2012,12892
Y40-44,F,DE,2008,12321
Y40-44,F,DE,2009,6164
Y40-44,F,DE,2010,6653
Y40-44,F,DE,2011,9508
Y40-44,F,DE,2012,11655
Y40-44,M,DE,2008,26788
Y40-44,M,DE,2009,10756
Y40-44,M,DE,2010,12569
Y40-44,M,DE,2011,17741
Y40-44,M,DE,2012,21571
Y40-44,F,DE,2008,9173
Y40-44,F,DE,2009,3917
Y40-44,F,DE,2010,4322
Y40-44,F,DE,2011,7001
Y40-44,F,DE,2012,9251
Y40-44,M,DE,2008,21725
Y40-44,M,DE,2009,7375
Y40-44,M,DE,2010,8987
Y40-44,M,DE,2011,14166
Y40-44,M,DE,2012,18083
Y40-44,F,DE,2020,8457
Y40-44,F,DE,2021,8055
Y40-44,M,DE,2020,15547
Y40-44,M,DE,2021,14309
Y40-44,F,DE,2013,10590
Y40-44,F,DE,2014,12592
Y40-44,F,DE,2015,14002
Y40-44,F,DE,2016,12133
Y40-44,F,DE,2017,11704
Y40-44,F,DE,2018,11072
Y40-44,F,DE,2019,10393
Y40-44,M,DE,2013,20317
Y40-44,M,DE,2014,23535
Y40-44,M,DE,2015,24263
Y40-44,M,DE,2016,21687
Y40-44,M,DE,2017,21526
Y40-44,M,DE,2018,20533
Y40-44,M,DE,2019,18803
Y40-44,F,DE,2016,1361
Y40-44,M,DE,2016,2297
Y40-44,F,DE,2008,4411
Y40-44,F,DE,2009,3257
Y40-44,F,DE,2010,3281
Y40-44,F,DE,2011,4203
Y40-44,F,DE,2012,5077
Y40-44,M,DE,2008,7421
Y40-44,M,DE,2009,3599
Y40-44,M,DE,2010,3861
Y40-44,M,DE,2011,4787
Y40-44,M,DE,2012,6373
Y40-44,F,DE,2008,14437
Y40-44,F,DE,2009,7638
Y40-44,F,DE,2010,8071
Y40-44,F,DE,2011,11754
Y40-44,F,DE,2012,14948
Y40-44,F,DE,2013,17163
Y40-44,F,DE,2014,22145
Y40-44,F,DE,2015,31900
Y40-44,F,DE,2016,24692
Y40-44,F,DE,2017,23763
Y40-44,F,DE,2018,23156
Y40-44,F,DE,2019,22648
Y40-44,F,DE,2020,17551
Y40-44,F,DE,2021,20288
Y40-44,M,DE,2008,31883
Y40-44,M,DE,2009,11707
Y40-44,M,DE,2010,13538
Y40-44,M,DE,2011,19797
Y40-44,M,DE,2012,25483
Y40-44,M,DE,2013,29461
Y40-44,M,DE,2014,37120
Y40-44,M,DE,2015,54391
Y40-44,M,DE,2016,37383
Y40-44,M,DE,2017,36112
Y40-44,M,DE,2018,35657
Y40-44,M,DE,2019,34804
Y40-44,M,DE,2020,27909
Y40-44,M,DE,2021,30740
Y40-44,F,DE,2008,2346
Y40-44,F,DE,2009,1613
Y40-44,F,DE,2010,1612
Y40-44,F,DE,2011,2093
Y40-44,F,DE,2012,2482
Y40-44,M,DE,2008,3831
Y40-44,M,DE,2009,1708
Y40-44,M,DE,2010,1879
Y40-44,M,DE,2011,2179
Y40-44,M,DE,2012,2990
Y40-44,F,DE,2008,273
Y40-44,F,DE,2009,336
Y40-44,F,DE,2010,323
Y40-44,F,DE,2011,349
Y40-44,F,DE,2012,394
Y40-44,M,DE,2008,640
Y40-44,M,DE,2009,499
Y40-44,M,DE,2010,516
Y40-44,M,DE,2011,565
Y40-44,M,DE,2012,682
Y40-44,F,DE,2008,1792
Y40-44,F,DE,2009,1308
Y40-44,F,DE,2010,1346
Y40-44,F,DE,2011,1761
Y40-44,F,DE,2012,2201
Y40-44,M,DE,2008,2950
Y40-44,M,DE,2009,1392
Y40-44,M,DE,2010,1466
Y40-44,M,DE,2011,2043
Y40-44,M,DE,2012,2701
Y40-44,F,DE,2008,3148
Y40-44,F,DE,2009,2247
Y40-44,F,DE,2010,2331
Y40-44,F,DE,2011,2507
Y40-44,F,DE,2012,2404
Y40-44,F,DE,2013,1998
Y40-44,F,DE,2014,2102
Y40-44,F,DE,2015,1986
Y40-44,F,DE,2016,2200
Y40-44,F,DE,2017,2476
Y40-44,F,DE,2018,2965
Y40-44,F,DE,2019,3214
Y40-44,F,DE,2020,3354
Y40-44,F,DE,2021,3152
Y40-44,M,DE,2008,5063
Y40-44,M,DE,2009,3381
Y40-44,M,DE,2010,3582
Y40-44,M,DE,2011,3575
Y40-44,M,DE,2012,3488
Y40-44,M,DE,2013,2901
Y40-44,M,DE,2014,3073
Y40-44,M,DE,2015,2846
Y40-44,M,DE,2016,3678
Y40-44,M,DE,2017,4594
Y40-44,M,DE,2018,6145
Y40-44,M,DE,2019,6690
Y40-44,M,DE,2020,6825
Y40-44,M,DE,2021,7186
Y40-44,F,DE,2008,5264
Y40-44,F,DE,2009,3721
Y40-44,F,DE,2010,3749
Y40-44,F,DE,2011,4753
Y40-44,F,DE,2012,5697
Y40-44,M,DE,2008,10158
Y40-44,M,DE,2009,4332
Y40-44,M,DE,2010,4551
Y40-44,M,DE,2011,5631
Y40-44,M,DE,2012,7400
Y40-44,F,DE,2020,9094
Y40-44,F,DE,2021,12233
Y40-44,M,DE,2020,12362
Y40-44,M,DE,2021,16431
Y40-44,F,DE,2013,6573
Y40-44,F,DE,2014,9553
Y40-44,F,DE,2015,17898
Y40-44,F,DE,2016,12559
Y40-44,F,DE,2017,12059
Y40-44,F,DE,2018,12084
Y40-44,F,DE,2019,12255
Y40-44,M,DE,2013,9144
Y40-44,M,DE,2014,13585
Y40-44,M,DE,2015,30128
Y40-44,M,DE,2016,15696
Y40-44,M,DE,2017,14586
Y40-44,M,DE,2018,15124
Y40-44,M,DE,2019,16001
Y40-44,F,DE,2008,17910
Y40-44,F,DE,2009,10000
Y40-44,F,DE,2010,11057
Y40-44,F,DE,2011,14621
Y40-44,F,DE,2012,17426
Y40-44,F,DE,2013,19293
Y40-44,F,DE,2014,24335
Y40-44,F,DE,2015,34566
Y40-44,F,DE,2016,27276
Y40-44,F,DE,2017,26386
Y40-44,F,DE,2018,26236
Y40-44,F,DE,2019,26225
Y40-44,F,DE,2020,21740
Y40-44,F,DE,2021,23555
Y40-44,M,DE,2008,38115
Y40-44,M,DE,2009,15319
Y40-44,M,DE,2010,18048
Y40-44,M,DE,2011,23874
Y40-44,M,DE,2012,29090
Y40-44,M,DE,2013,32585
Y40-44,M,DE,2014,40328
Y40-44,M,DE,2015,58476
Y40-44,M,DE,2016,41561
Y40-44,M,DE,2017,40837
Y40-44,M,DE,2018,41948
Y40-44,M,DE,2019,41996
Y40-44,M,DE,2020,35998
Y40-44,M,DE,2021,38107
Y40-44,F,DE,2008,325
Y40-44,F,DE,2009,115
Y40-44,F,DE,2010,655
Y40-44,F,DE,2011,360
Y40-44,F,DE,2012,74
Y40-44,F,DE,2013,132
Y40-44,F,DE,2014,88
Y40-44,F,DE,2015,680
Y40-44,F,DE,2016,384
Y40-44,F,DE,2017,147
Y40-44,F,DE,2018,115
Y40-44,F,DE,2019,363
Y40-44,F,DE,2020,835
Y40-44,F,DE,2021,115
Y40-44,M,DE,2008,1169
Y40-44,M,DE,2009,231
Y40-44,M,DE,2010,928
Y40-44,M,DE,2011,502
Y40-44,M,DE,2012,119
Y40-44,M,DE,2013,223
Y40-44,M,DE,2014,135
Y40-44,M,DE,2015,1239
Y40-44,M,DE,2016,500
Y40-44,M,DE,2017,131
Y40-44,M,DE,2018,146
Y40-44,M,DE,2019,502
Y40-44,M,DE,2020,1264
Y40-44,M,DE,2021,181
Y45-49,F,DE,2008,607
Y45-49,F,DE,2009,199
Y45-49,F,DE,2010,255
Y45-49,M,DE,2008,1924
Y45-49,M,DE,2009,421
Y45-49,M,DE,2010,416
Y45-49,F,DE,2011,295
Y45-49,F,DE,2012,381
Y45-49,M,DE,2011,564
Y45-49,M,DE,2012,757
Y45-49,F,DE,2008,69
Y45-49,F,DE,2009,58
Y45-49,F,DE,2010,60
Y45-49,F,DE,2011,58
Y45-49,F,DE,2012,75
Y45-49,F,DE,2013,63
Y45-49,F,DE,2014,71
Y45-49,F,DE,2015,67
Y45-49,F,DE,2016,76
Y45-49,F,DE,2017,76
Y45-49,F,DE,2018,84
Y45-49,F,DE,2019,70
Y45-49,F,DE,2020,82
Y45-49,F,DE,2021,41
Y45-49,M,DE,2008,126
Y45-49,M,DE,2009,86
Y45-49,M,DE,2010,86
Y45-49,M,DE,2011,88
Y45-49,M,DE,2012,101
Y45-49,M,DE,2013,105
Y45-49,M,DE,2014,105
Y45-49,M,DE,2015,98
Y45-49,M,DE,2016,95
Y45-49,M,DE,2017,109
Y45-49,M,DE,2018,125
Y45-49,M,DE,2019,112
Y45-49,M,DE,2020,79
Y45-49,M,DE,2021,76
Y45-49,F,DE,2011,3533
Y45-49,F,DE,2012,4220
Y45-49,M,DE,2011,5833
Y45-49,M,DE,2012,6870
Y45-49,F,DE,2011,1392
Y45-49,F,DE,2012,1858
Y45-49,M,DE,2011,2479
Y45-49,M,DE,2012,3481
Y45-49,F,DE,2011,6269
Y45-49,F,DE,2012,7639
Y45-49,M,DE,2011,11388
Y45-49,M,DE,2012,13304
Y45-49,F,DE,2011,4128
Y45-49,F,DE,2012,5277
Y45-49,M,DE,2011,8034
Y45-49,M,DE,2012,9915
Y45-49,F,DE,2008,10440
Y45-49,F,DE,2009,4925
Y45-49,F,DE,2010,5369
Y45-49,F,DE,2011,7394
Y45-49,F,DE,2012,9318
Y45-49,M,DE,2008,22077
Y45-49,M,DE,2009,8219
Y45-49,M,DE,2010,9216
Y45-49,M,DE,2011,13517
Y45-49,M,DE,2012,16368
Y45-49,F,DE,2008,8124
Y45-49,F,DE,2009,3165
Y45-49,F,DE,2010,3457
Y45-49,F,DE,2011,5253
Y45-49,F,DE,2012,6956
Y45-49,M,DE,2008,18074
Y45-49,M,DE,2009,5528
Y45-49,M,DE,2010,6415
Y45-49,M,DE,2011,10163
Y45-49,M,DE,2012,12979
Y45-49,F,DE,2020,7852
Y45-49,F,DE,2021,7461
Y45-49,M,DE,2020,13043
Y45-49,M,DE,2021,12711
Y45-49,F,DE,2013,8202
Y45-49,F,DE,2014,9979
Y45-49,F,DE,2015,11058
Y45-49,F,DE,2016,10052
Y45-49,F,DE,2017,10119
Y45-49,F,DE,2018,9665
Y45-49,F,DE,2019,9090
Y45-49,M,DE,2013,15333
Y45-49,M,DE,2014,18332
Y45-49,M,DE,2015,19045
Y45-49,M,DE,2016,17446
Y45-49,M,DE,2017,17557
Y45-49,M,DE,2018,16633
Y45-49,M,DE,2019,15678
Y45-49,F,DE,2016,991
Y45-49,M,DE,2016,1697
Y45-49,F,DE,2008,3187
Y45-49,F,DE,2009,2106
Y45-49,F,DE,2010,2120
Y45-49,F,DE,2011,2511
Y45-49,F,DE,2012,3077
Y45-49,M,DE,2008,5559
Y45-49,M,DE,2009,2545
Y45-49,M,DE,2010,2506
Y45-49,M,DE,2011,3303
Y45-49,M,DE,2012,4149
Y45-49,F,DE,2008,11987
Y45-49,F,DE,2009,5528
Y45-49,F,DE,2010,5892
Y45-49,F,DE,2011,8117
Y45-49,F,DE,2012,10489
Y45-49,F,DE,2013,12516
Y45-49,F,DE,2014,16152
Y45-49,F,DE,2015,23318
Y45-49,F,DE,2016,18344
Y45-49,F,DE,2017,18284
Y45-49,F,DE,2018,17854
Y45-49,F,DE,2019,17175
Y45-49,F,DE,2020,14224
Y45-49,F,DE,2021,15652
Y45-49,M,DE,2008,25683
Y45-49,M,DE,2009,8580
Y45-49,M,DE,2010,9423
Y45-49,M,DE,2011,14118
Y45-49,M,DE,2012,17986
Y45-49,M,DE,2013,21523
Y45-49,M,DE,2014,27511
Y45-49,M,DE,2015,38985
Y45-49,M,DE,2016,28497
Y45-49,M,DE,2017,28258
Y45-49,M,DE,2018,27160
Y45-49,M,DE,2019,26683
Y45-49,M,DE,2020,21547
Y45-49,M,DE,2021,23201
Y45-49,F,DE,2008,1881
Y45-49,F,DE,2009,1155
Y45-49,F,DE,2010,1108
Y45-49,F,DE,2011,1300
Y45-49,F,DE,2012,1506
Y45-49,M,DE,2008,3152
Y45-49,M,DE,2009,1374
Y45-49,M,DE,2010,1387
Y45-49,M,DE,2011,1715
Y45-49,M,DE,2012,2170
Y45-49,F,DE,2008,161
Y45-49,F,DE,2009,191
Y45-49,F,DE,2010,220
Y45-49,F,DE,2011,226
Y45-49,F,DE,2012,285
Y45-49,M,DE,2008,468
Y45-49,M,DE,2009,301
Y45-49,M,DE,2010,281
Y45-49,M,DE,2011,341
Y45-49,M,DE,2012,397
Y45-49,F,DE,2008,1145
Y45-49,F,DE,2009,760
Y45-49,F,DE,2010,792
Y45-49,F,DE,2011,985
Y45-49,F,DE,2012,1286
Y45-49,M,DE,2008,1939
Y45-49,M,DE,2009,870
Y45-49,M,DE,2010,838
Y45-49,M,DE,2011,1247
Y45-49,M,DE,2012,1582
Y45-49,F,DE,2008,2316
Y45-49,F,DE,2009,1760
Y45-49,F,DE,2010,1912
Y45-49,F,DE,2011,2141
Y45-49,F,DE,2012,2362
Y45-49,F,DE,2013,2119
Y45-49,F,DE,2014,2147
Y45-49,F,DE,2015,1950
Y45-49,F,DE,2016,2161
Y45-49,F,DE,2017,2195
Y45-49,F,DE,2018,2391
Y45-49,F,DE,2019,2555
Y45-49,F,DE,2020,2494
Y45-49,F,DE,2021,2283
Y45-49,M,DE,2008,4003
Y45-49,M,DE,2009,2691
Y45-49,M,DE,2010,2801
Y45-49,M,DE,2011,3354
Y45-49,M,DE,2012,3389
Y45-49,M,DE,2013,3212
Y45-49,M,DE,2014,3169
Y45-49,M,DE,2015,3027
Y45-49,M,DE,2016,3934
Y45-49,M,DE,2017,4419
Y45-49,M,DE,2018,5099
Y45-49,M,DE,2019,5341
Y45-49,M,DE,2020,4971
Y45-49,M,DE,2021,4790
Y45-49,F,DE,2008,3863
Y45-49,F,DE,2009,2363
Y45-49,F,DE,2010,2435
Y45-49,F,DE,2011,2864
Y45-49,F,DE,2012,3533
Y45-49,M,DE,2008,7609
Y45-49,M,DE,2009,3052
Y45-49,M,DE,2010,3008
Y45-49,M,DE,2011,3955
Y45-49,M,DE,2012,5007
Y45-49,F,DE,2020,6372
Y45-49,F,DE,2021,8191
Y45-49,M,DE,2020,8504
Y45-49,M,DE,2021,10490
Y45-49,F,DE,2013,4314
Y45-49,F,DE,2014,6173
Y45-49,F,DE,2015,12260
Y45-49,F,DE,2016,8292
Y45-49,F,DE,2017,8165
Y45-49,F,DE,2018,8189
Y45-49,F,DE,2019,8085
Y45-49,M,DE,2013,6190
Y45-49,M,DE,2014,9179
Y45-49,M,DE,2015,19940
Y45-49,M,DE,2016,11051
Y45-49,M,DE,2017,10701
Y45-49,M,DE,2018,10527
Y45-49,M,DE,2019,11005
Y45-49,F,DE,2008,14561
Y45-49,F,DE,2009,7374
Y45-49,F,DE,2010,8258
Y45-49,F,DE,2011,10470
Y45-49,F,DE,2012,12910
Y45-49,F,DE,2013,14746
Y45-49,F,DE,2014,18347
Y45-49,F,DE,2015,25749
Y45-49,F,DE,2016,20772
Y45-49,F,DE,2017,20577
Y45-49,F,DE,2018,20324
Y45-49,F,DE,2019,20036
Y45-49,F,DE,2020,17346
Y45-49,F,DE,2021,18019
Y45-49,M,DE,2008,30565
Y45-49,M,DE,2009,11442
Y45-49,M,DE,2010,12902
Y45-49,M,DE,2011,17809
Y45-49,M,DE,2012,21458
Y45-49,M,DE,2013,24892
Y45-49,M,DE,2014,30778
Y45-49,M,DE,2015,42864
Y45-49,M,DE,2016,32787
Y45-49,M,DE,2017,32782
Y45-49,M,DE,2018,32393
Y45-49,M,DE,2019,32399
Y45-49,M,DE,2020,27408
Y45-49,M,DE,2021,28107
Y45-49,F,DE,2008,258
Y45-49,F,DE,2009,86
Y45-49,F,DE,2010,454
Y45-49,F,DE,2011,212
Y45-49,F,DE,2012,59
Y45-49,F,DE,2013,111
Y45-49,F,DE,2014,48
Y45-49,F,DE,2015,481
Y45-49,F,DE,2016,267
Y45-49,F,DE,2017,98
Y45-49,F,DE,2018,79
Y45-49,F,DE,2019,306
Y45-49,F,DE,2020,628
Y45-49,F,DE,2021,84
Y45-49,M,DE,2008,879
Y45-49,M,DE,2009,171
Y45-49,M,DE,2010,678
Y45-49,M,DE,2011,337
Y45-49,M,DE,2012,83
Y45-49,M,DE,2013,157
Y45-49,M,DE,2014,98
Y45-49,M,DE,2015,852
Y45-49,M,DE,2016,356
Y45-49,M,DE,2017,105
Y45-49,M,DE,2018,134
Y45-49,M,DE,2019,375
Y45-49,M,DE,2020,890
Y45-49,M,DE,2021,116
Y50-54,F,DE,2008,527
Y50-54,F,DE,2009,118
Y50-54,F,DE,2010,141
Y50-54,M,DE,2008,1094
Y50-54,M,DE,2009,245
Y50-54,M,DE,2010,241
Y50-54,F,DE,2011,165
Y50-54,F,DE,2012,223
Y50-54,M,DE,2011,349
Y50-54,M,DE,2012,412
Y50-54,F,DE,2008,58
Y50-54,F,DE,2009,40
Y50-54,F,DE,2010,43
Y50-54,F,DE,2011,48
Y50-54,F,DE,2012,53
Y50-54,F,DE,2013,47
Y50-54,F,DE,2014,55
Y50-54,F,DE,2015,63
Y50-54,F,DE,2016,60
Y50-54,F,DE,2017,60
Y50-54,F,DE,2018,72
Y50-54,F,DE,2019,57
Y50-54,F,DE,2020,62
Y50-54,F,DE,2021,55
Y50-54,M,DE,2008,117
Y50-54,M,DE,2009,48
Y50-54,M,DE,2010,63
Y50-54,M,DE,2011,60
Y50-54,M,DE,2012,49
Y50-54,M,DE,2013,81
Y50-54,M,DE,2014,85
Y50-54,M,DE,2015,74
Y50-54,M,DE,2016,91
Y50-54,M,DE,2017,79
Y50-54,M,DE,2018,93
Y50-54,M,DE,2019,83
Y50-54,M,DE,2020,84
Y50-54,M,DE,2021,74
Y50-54,F,DE,2011,2394
Y50-54,F,DE,2012,2898
Y50-54,M,DE,2011,4103
Y50-54,M,DE,2012,4947
Y50-54,F,DE,2011,930
Y50-54,F,DE,2012,1236
Y50-54,M,DE,2011,1804
Y50-54,M,DE,2012,2479
Y50-54,F,DE,2011,4999
Y50-54,F,DE,2012,5756
Y50-54,M,DE,2011,8334
Y50-54,M,DE,2012,9739
Y50-54,F,DE,2011,3535
Y50-54,F,DE,2012,4094
Y50-54,M,DE,2011,6035
Y50-54,M,DE,2012,7271
Y50-54,F,DE,2008,8080
Y50-54,F,DE,2009,3789
Y50-54,F,DE,2010,4089
Y50-54,F,DE,2011,5795
Y50-54,F,DE,2012,6790
Y50-54,M,DE,2008,16490
Y50-54,M,DE,2009,6004
Y50-54,M,DE,2010,6694
Y50-54,M,DE,2011,9597
Y50-54,M,DE,2012,11559
Y50-54,F,DE,2008,6382
Y50-54,F,DE,2009,2653
Y50-54,F,DE,2010,2755
Y50-54,F,DE,2011,4331
Y50-54,F,DE,2012,5128
Y50-54,M,DE,2008,13675
Y50-54,M,DE,2009,4143
Y50-54,M,DE,2010,4636
Y50-54,M,DE,2011,7298
Y50-54,M,DE,2012,9091
Y50-54,F,DE,2020,6196
Y50-54,F,DE,2021,5877
Y50-54,M,DE,2020,9952
Y50-54,M,DE,2021,9393
Y50-54,F,DE,2013,5867
Y50-54,F,DE,2014,6676
Y50-54,F,DE,2015,7157
Y50-54,F,DE,2016,6368
Y50-54,F,DE,2017,6559
Y50-54,F,DE,2018,6740
Y50-54,F,DE,2019,6698
Y50-54,M,DE,2013,10275
Y50-54,M,DE,2014,11324
Y50-54,M,DE,2015,11934
Y50-54,M,DE,2016,10872
Y50-54,M,DE,2017,11524
Y50-54,M,DE,2018,11656
Y50-54,M,DE,2019,11336
Y50-54,F,DE,2016,567
Y50-54,M,DE,2016,1048
Y50-54,F,DE,2008,2391
Y50-54,F,DE,2009,1401
Y50-54,F,DE,2010,1318
Y50-54,F,DE,2011,1784
Y50-54,F,DE,2012,2078
Y50-54,M,DE,2008,3476
Y50-54,M,DE,2009,1619
Y50-54,M,DE,2010,1694
Y50-54,M,DE,2011,2183
Y50-54,M,DE,2012,2753
Y50-54,F,DE,2008,9358
Y50-54,F,DE,2009,4212
Y50-54,F,DE,2010,4257
Y50-54,F,DE,2011,6328
Y50-54,F,DE,2012,7482
Y50-54,F,DE,2013,8799
Y50-54,F,DE,2014,10972
Y50-54,F,DE,2015,14993
Y50-54,F,DE,2016,11715
Y50-54,F,DE,2017,11479
Y50-54,F,DE,2018,11671
Y50-54,F,DE,2019,11641
Y50-54,F,DE,2020,10307
Y50-54,F,DE,2021,11115
Y50-54,M,DE,2008,18362
Y50-54,M,DE,2009,6055
Y50-54,M,DE,2010,6634
Y50-54,M,DE,2011,9890
Y50-54,M,DE,2012,12305
Y50-54,M,DE,2013,14153
Y50-54,M,DE,2014,17100
Y50-54,M,DE,2015,23760
Y50-54,M,DE,2016,17831
Y50-54,M,DE,2017,18419
Y50-54,M,DE,2018,18680
Y50-54,M,DE,2019,18647
Y50-54,M,DE,2020,15786
Y50-54,M,DE,2021,16271
Y50-54,F,DE,2008,1553
Y50-54,F,DE,2009,743
Y50-54,F,DE,2010,745
Y50-54,F,DE,2011,960
Y50-54,F,DE,2012,1145
Y50-54,M,DE,2008,2255
Y50-54,M,DE,2009,929
Y50-54,M,DE,2010,986
Y50-54,M,DE,2011,1221
Y50-54,M,DE,2012,1551
Y50-54,F,DE,2008,107
Y50-54,F,DE,2009,143
Y50-54,F,DE,2010,133
Y50-54,F,DE,2011,178
Y50-54,F,DE,2012,206
Y50-54,M,DE,2008,192
Y50-54,M,DE,2009,179
Y50-54,M,DE,2010,207
Y50-54,M,DE,2011,223
Y50-54,M,DE,2012,229
Y50-54,F,DE,2008,731
Y50-54,F,DE,2009,515
Y50-54,F,DE,2010,440
Y50-54,F,DE,2011,646
Y50-54,F,DE,2012,727
Y50-54,M,DE,2008,1029
Y50-54,M,DE,2009,511
Y50-54,M,DE,2010,501
Y50-54,M,DE,2011,739
Y50-54,M,DE,2012,973
Y50-54,F,DE,2008,1698
Y50-54,F,DE,2009,1136
Y50-54,F,DE,2010,1334
Y50-54,F,DE,2011,1464
Y50-54,F,DE,2012,1662
Y50-54,F,DE,2013,1640
Y50-54,F,DE,2014,1767
Y50-54,F,DE,2015,1737
Y50-54,F,DE,2016,1985
Y50-54,F,DE,2017,2233
Y50-54,F,DE,2018,2633
Y50-54,F,DE,2019,2669
Y50-54,F,DE,2020,2588
Y50-54,F,DE,2021,2423
Y50-54,M,DE,2008,2815
Y50-54,M,DE,2009,1861
Y50-54,M,DE,2010,2058
Y50-54,M,DE,2011,2299
Y50-54,M,DE,2012,2468
Y50-54,M,DE,2013,2493
Y50-54,M,DE,2014,2647
Y50-54,M,DE,2015,2628
Y50-54,M,DE,2016,3592
Y50-54,M,DE,2017,4127
Y50-54,M,DE,2018,5268
Y50-54,M,DE,2019,5480
Y50-54,M,DE,2020,5125
Y50-54,M,DE,2021,5002
Y50-54,F,DE,2008,2976
Y50-54,F,DE,2009,1559
Y50-54,F,DE,2010,1502
Y50-54,F,DE,2011,1997
Y50-54,F,DE,2012,2354
Y50-54,M,DE,2008,4687
Y50-54,M,DE,2009,1912
Y50-54,M,DE,2010,1998
Y50-54,M,DE,2011,2592
Y50-54,M,DE,2012,3214
Y50-54,F,DE,2020,4111
Y50-54,F,DE,2021,5238
Y50-54,M,DE,2020,5834
Y50-54,M,DE,2021,6878
Y50-54,F,DE,2013,2932
Y50-54,F,DE,2014,4296
Y50-54,F,DE,2015,7836
Y50-54,F,DE,2016,5347
Y50-54,F,DE,2017,4920
Y50-54,F,DE,2018,4931
Y50-54,F,DE,2019,4943
Y50-54,M,DE,2013,3878
Y50-54,M,DE,2014,5776
Y50-54,M,DE,2015,11826
Y50-54,M,DE,2016,6959
Y50-54,M,DE,2017,6895
Y50-54,M,DE,2018,7024
Y50-54,M,DE,2019,7311
Y50-54,F,DE,2008,11191
Y50-54,F,DE,2009,5409
Y50-54,F,DE,2010,5895
Y50-54,F,DE,2011,7964
Y50-54,F,DE,2012,9183
Y50-54,F,DE,2013,10493
Y50-54,F,DE,2014,12778
Y50-54,F,DE,2015,17080
Y50-54,F,DE,2016,13860
Y50-54,F,DE,2017,13780
Y50-54,F,DE,2018,14370
Y50-54,F,DE,2019,14503
Y50-54,F,DE,2020,13335
Y50-54,F,DE,2021,13611
Y50-54,M,DE,2008,21629
Y50-54,M,DE,2009,7990
Y50-54,M,DE,2010,9207
Y50-54,M,DE,2011,12459
Y50-54,M,DE,2012,14840
Y50-54,M,DE,2013,16761
Y50-54,M,DE,2014,19811
Y50-54,M,DE,2015,26844
Y50-54,M,DE,2016,21643
Y50-54,M,DE,2017,22627
Y50-54,M,DE,2018,24053
Y50-54,M,DE,2019,24393
Y50-54,M,DE,2020,21594
Y50-54,M,DE,2021,21354
Y50-54,F,DE,2008,135
Y50-54,F,DE,2009,61
Y50-54,F,DE,2010,304
Y50-54,F,DE,2011,172
Y50-54,F,DE,2012,39
Y50-54,F,DE,2013,54
Y50-54,F,DE,2014,39
Y50-54,F,DE,2015,350
Y50-54,F,DE,2016,160
Y50-54,F,DE,2017,68
Y50-54,F,DE,2018,66
Y50-54,F,DE,2019,193
Y50-54,F,DE,2020,440
Y50-54,F,DE,2021,73
Y50-54,M,DE,2008,452
Y50-54,M,DE,2009,74
Y50-54,M,DE,2010,515
Y50-54,M,DE,2011,270
Y50-54,M,DE,2012,67
Y50-54,M,DE,2013,115
Y50-54,M,DE,2014,64
Y50-54,M,DE,2015,456
Y50-54,M,DE,2016,220
Y50-54,M,DE,2017,81
Y50-54,M,DE,2018,105
Y50-54,M,DE,2019,266
Y50-54,M,DE,2020,683
Y50-54,M,DE,2021,81
Y55-59,F,DE,2008,515
Y55-59,F,DE,2009,71
Y55-59,F,DE,2010,104
Y55-59,M,DE,2008,572
Y55-59,M,DE,2009,113
Y55-59,M,DE,2010,147
Y55-59,F,DE,2011,109
Y55-59,F,DE,2012,131
Y55-59,M,DE,2011,206
Y55-59,M,DE,2012,278
Y55-59,F,DE,2008,57
Y55-59,F,DE,2009,30
Y55-59,F,DE,2010,25
Y55-59,F,DE,2011,31
Y55-59,F,DE,2012,42
Y55-59,F,DE,2013,48
Y55-59,F,DE,2014,42
Y55-59,F,DE,2015,37
Y55-59,F,DE,2016,50
Y55-59,F,DE,2017,56
Y55-59,F,DE,2018,51
Y55-59,F,DE,2019,56
Y55-59,F,DE,2020,63
Y55-59,F,DE,2021,47
Y55-59,M,DE,2008,44
Y55-59,M,DE,2009,48
Y55-59,M,DE,2010,37
Y55-59,M,DE,2011,42
Y55-59,M,DE,2012,58
Y55-59,M,DE,2013,58
Y55-59,M,DE,2014,38
Y55-59,M,DE,2015,64
Y55-59,M,DE,2016,54
Y55-59,M,DE,2017,69
Y55-59,M,DE,2018,70
Y55-59,M,DE,2019,70
Y55-59,M,DE,2020,64
Y55-59,M,DE,2021,69
Y55-59,F,DE,2011,1553
Y55-59,F,DE,2012,1831
Y55-59,M,DE,2011,2466
Y55-59,M,DE,2012,3016
Y55-59,F,DE,2011,568
Y55-59,F,DE,2012,737
Y55-59,M,DE,2011,1006
Y55-59,M,DE,2012,1378
Y55-59,F,DE,2011,3016
Y55-59,F,DE,2012,3678
Y55-59,M,DE,2011,4881
Y55-59,M,DE,2012,5895
Y55-59,F,DE,2011,2031
Y55-59,F,DE,2012,2584
Y55-59,M,DE,2011,3421
Y55-59,M,DE,2012,4257
Y55-59,F,DE,2008,4754
Y55-59,F,DE,2009,2342
Y55-59,F,DE,2010,2533
Y55-59,F,DE,2011,3454
Y55-59,F,DE,2012,4297
Y55-59,M,DE,2008,9006
Y55-59,M,DE,2009,3559
Y55-59,M,DE,2010,4008
Y55-59,M,DE,2011,5527
Y55-59,M,DE,2012,6793
Y55-59,F,DE,2008,3527
Y55-59,F,DE,2009,1505
Y55-59,F,DE,2010,1662
Y55-59,F,DE,2011,2469
Y55-59,F,DE,2012,3203
Y55-59,M,DE,2008,6965
Y55-59,M,DE,2009,2304
Y55-59,M,DE,2010,2583
Y55-59,M,DE,2011,4067
Y55-59,M,DE,2012,5155
Y55-59,F,DE,2020,3578
Y55-59,F,DE,2021,3090
Y55-59,M,DE,2020,5403
Y55-59,M,DE,2021,5199
Y55-59,F,DE,2013,3690
Y55-59,F,DE,2014,4203
Y55-59,F,DE,2015,4606
Y55-59,F,DE,2016,4108
Y55-59,F,DE,2017,3983
Y55-59,F,DE,2018,3919
Y55-59,F,DE,2019,3900
Y55-59,M,DE,2013,6016
Y55-59,M,DE,2014,6652
Y55-59,M,DE,2015,7053
Y55-59,M,DE,2016,6608
Y55-59,M,DE,2017,6886
Y55-59,M,DE,2018,6984
Y55-59,M,DE,2019,6684
Y55-59,F,DE,2016,309
Y55-59,M,DE,2016,555
Y55-59,F,DE,2008,2049
Y55-59,F,DE,2009,1052
Y55-59,F,DE,2010,965
Y55-59,F,DE,2011,1160
Y55-59,F,DE,2012,1484
Y55-59,M,DE,2008,2051
Y55-59,M,DE,2009,1065
Y55-59,M,DE,2010,1003
Y55-59,M,DE,2011,1351
Y55-59,M,DE,2012,1695
Y55-59,F,DE,2008,6148
Y55-59,F,DE,2009,2658
Y55-59,F,DE,2010,2756
Y55-59,F,DE,2011,3769
Y55-59,F,DE,2012,4860
Y55-59,F,DE,2013,5705
Y55-59,F,DE,2014,7309
Y55-59,F,DE,2015,9842
Y55-59,F,DE,2016,7466
Y55-59,F,DE,2017,7067
Y55-59,F,DE,2018,6955
Y55-59,F,DE,2019,7113
Y55-59,F,DE,2020,6185
Y55-59,F,DE,2021,6577
Y55-59,M,DE,2008,9632
Y55-59,M,DE,2009,3530
Y55-59,M,DE,2010,3770
Y55-59,M,DE,2011,5666
Y55-59,M,DE,2012,7186
Y55-59,M,DE,2013,8342
Y55-59,M,DE,2014,10134
Y55-59,M,DE,2015,13797
Y55-59,M,DE,2016,10731
Y55-59,M,DE,2017,10992
Y55-59,M,DE,2018,11158
Y55-59,M,DE,2019,10996
Y55-59,M,DE,2020,9016
Y55-59,M,DE,2021,9681
Y55-59,F,DE,2008,1317
Y55-59,F,DE,2009,594
Y55-59,F,DE,2010,575
Y55-59,F,DE,2011,649
Y55-59,F,DE,2012,775
Y55-59,M,DE,2008,1443
Y55-59,M,DE,2009,650
Y55-59,M,DE,2010,627
Y55-59,M,DE,2011,768
Y55-59,M,DE,2012,971
Y55-59,F,DE,2008,81
Y55-59,F,DE,2009,135
Y55-59,F,DE,2010,141
Y55-59,F,DE,2011,136
Y55-59,F,DE,2012,171
Y55-59,M,DE,2008,104
Y55-59,M,DE,2009,133
Y55-59,M,DE,2010,110
Y55-59,M,DE,2011,157
Y55-59,M,DE,2012,181
Y55-59,F,DE,2008,651
Y55-59,F,DE,2009,323
Y55-59,F,DE,2010,249
Y55-59,F,DE,2011,375
Y55-59,F,DE,2012,538
Y55-59,M,DE,2008,504
Y55-59,M,DE,2009,282
Y55-59,M,DE,2010,266
Y55-59,M,DE,2011,426
Y55-59,M,DE,2012,543
Y55-59,F,DE,2008,1227
Y55-59,F,DE,2009,837
Y55-59,F,DE,2010,871
Y55-59,F,DE,2011,985
Y55-59,F,DE,2012,1094
Y55-59,F,DE,2013,1029
Y55-59,F,DE,2014,1113
Y55-59,F,DE,2015,1135
Y55-59,F,DE,2016,1428
Y55-59,F,DE,2017,1500
Y55-59,F,DE,2018,1969
Y55-59,F,DE,2019,2097
Y55-59,F,DE,2020,2206
Y55-59,F,DE,2021,2160
Y55-59,M,DE,2008,2041
Y55-59,M,DE,2009,1255
Y55-59,M,DE,2010,1425
Y55-59,M,DE,2011,1460
Y55-59,M,DE,2012,1638
Y55-59,M,DE,2013,1647
Y55-59,M,DE,2014,1695
Y55-59,M,DE,2015,1727
Y55-59,M,DE,2016,2497
Y55-59,M,DE,2017,2904
Y55-59,M,DE,2018,3753
Y55-59,M,DE,2019,4221
Y55-59,M,DE,2020,4319
Y55-59,M,DE,2021,4351
Y55-59,F,DE,2008,2621
Y55-59,F,DE,2009,1153
Y55-59,F,DE,2010,1094
Y55-59,F,DE,2011,1300
Y55-59,F,DE,2012,1657
Y55-59,M,DE,2008,2667
Y55-59,M,DE,2009,1226
Y55-59,M,DE,2010,1187
Y55-59,M,DE,2011,1599
Y55-59,M,DE,2012,2031
Y55-59,F,DE,2020,2607
Y55-59,F,DE,2021,3487
Y55-59,M,DE,2020,3613
Y55-59,M,DE,2021,4482
Y55-59,F,DE,2013,2015
Y55-59,F,DE,2014,3106
Y55-59,F,DE,2015,5236
Y55-59,F,DE,2016,3358
Y55-59,F,DE,2017,3084
Y55-59,F,DE,2018,3036
Y55-59,F,DE,2019,3213
Y55-59,M,DE,2013,2326
Y55-59,M,DE,2014,3482
Y55-59,M,DE,2015,6744
Y55-59,M,DE,2016,4123
Y55-59,M,DE,2017,4106
Y55-59,M,DE,2018,4174
Y55-59,M,DE,2019,4312
Y55-59,F,DE,2008,7482
Y55-59,F,DE,2009,3535
Y55-59,F,DE,2010,3889
Y55-59,F,DE,2011,4863
Y55-59,F,DE,2012,5982
Y55-59,F,DE,2013,6784
Y55-59,F,DE,2014,8457
Y55-59,F,DE,2015,11175
Y55-59,F,DE,2016,9011
Y55-59,F,DE,2017,8612
Y55-59,F,DE,2018,8967
Y55-59,F,DE,2019,9354
Y55-59,F,DE,2020,8652
Y55-59,F,DE,2021,8786
Y55-59,M,DE,2008,11946
Y55-59,M,DE,2009,4839
Y55-59,M,DE,2010,5516
Y55-59,M,DE,2011,7269
Y55-59,M,DE,2012,8859
Y55-59,M,DE,2013,10045
Y55-59,M,DE,2014,11865
Y55-59,M,DE,2015,15783
Y55-59,M,DE,2016,13363
Y55-59,M,DE,2017,13955
Y55-59,M,DE,2018,14984
Y55-59,M,DE,2019,15396
Y55-59,M,DE,2020,13723
Y55-59,M,DE,2021,14100
Y55-59,F,DE,2008,107
Y55-59,F,DE,2009,40
Y55-59,F,DE,2010,262
Y55-59,F,DE,2011,109
Y55-59,F,DE,2012,28
Y55-59,F,DE,2013,50
Y55-59,F,DE,2014,35
Y55-59,F,DE,2015,198
Y55-59,F,DE,2016,117
Y55-59,F,DE,2017,45
Y55-59,F,DE,2018,43
Y55-59,F,DE,2019,144
Y55-59,F,DE,2020,261
Y55-59,F,DE,2021,49
Y55-59,M,DE,2008,273
Y55-59,M,DE,2009,54
Y55-59,M,DE,2010,321
Y55-59,M,DE,2011,143
Y55-59,M,DE,2012,35
Y55-59,M,DE,2013,56
Y55-59,M,DE,2014,36
Y55-59,M,DE,2015,259
Y55-59,M,DE,2016,135
Y55-59,M,DE,2017,59
Y55-59,M,DE,2018,73
Y55-59,M,DE,2019,179
Y55-59,M,DE,2020,388
Y55-59,M,DE,2021,68
Y60-64,F,DE,2008,474
Y60-64,F,DE,2009,91
Y60-64,F,DE,2010,98
Y60-64,M,DE,2008,452
Y60-64,M,DE,2009,107
Y60-64,M,DE,2010,86
Y60-64,F,DE,2011,108
Y60-64,F,DE,2012,133
Y60-64,M,DE,2011,133
Y60-64,M,DE,2012,146
Y60-64,F,DE,2008,30
Y60-64,F,DE,2009,32
Y60-64,F,DE,2010,27
Y60-64,F,DE,2011,37
Y60-64,F,DE,2012,56
Y60-64,F,DE,2013,47
Y60-64,F,DE,2014,35
Y60-64,F,DE,2015,49
Y60-64,F,DE,2016,42
Y60-64,F,DE,2017,40
Y60-64,F,DE,2018,44
Y60-64,F,DE,2019,41
Y60-64,F,DE,2020,61
Y60-64,F,DE,2021,46
Y60-64,M,DE,2008,117
Y60-64,M,DE,2009,28
Y60-64,M,DE,2010,37
Y60-64,M,DE,2011,29
Y60-64,M,DE,2012,63
Y60-64,M,DE,2013,53
Y60-64,M,DE,2014,53
Y60-64,M,DE,2015,52
Y60-64,M,DE,2016,71
Y60-64,M,DE,2017,62
Y60-64,M,DE,2018,66
Y60-64,M,DE,2019,66
Y60-64,M,DE,2020,66
Y60-64,M,DE,2021,60
Y60-64,F,DE,2011,1005
Y60-64,F,DE,2012,1264
Y60-64,M,DE,2011,1824
Y60-64,M,DE,2012,1992
Y60-64,F,DE,2011,369
Y60-64,F,DE,2012,470
Y60-64,M,DE,2011,652
Y60-64,M,DE,2012,736
Y60-64,F,DE,2011,1620
Y60-64,F,DE,2012,2033
Y60-64,M,DE,2011,2506
Y60-64,M,DE,2012,2841
Y60-64,F,DE,2011,984
Y60-64,F,DE,2012,1239
Y60-64,M,DE,2011,1334
Y60-64,M,DE,2012,1585
Y60-64,F,DE,2008,2653
Y60-64,F,DE,2009,1383
Y60-64,F,DE,2010,1582
Y60-64,F,DE,2011,1859
Y60-64,F,DE,2012,2353
Y60-64,M,DE,2008,3710
Y60-64,M,DE,2009,1950
Y60-64,M,DE,2010,2239
Y60-64,M,DE,2011,2687
Y60-64,M,DE,2012,3157
Y60-64,F,DE,2008,1753
Y60-64,F,DE,2009,844
Y60-64,F,DE,2010,942
Y60-64,F,DE,2011,1223
Y60-64,F,DE,2012,1559
Y60-64,M,DE,2008,2417
Y60-64,M,DE,2009,1044
Y60-64,M,DE,2010,1155
Y60-64,M,DE,2011,1515
Y60-64,M,DE,2012,1901
Y60-64,F,DE,2020,2292
Y60-64,F,DE,2021,1899
Y60-64,M,DE,2020,2794
Y60-64,M,DE,2021,2723
Y60-64,F,DE,2013,1873
Y60-64,F,DE,2014,2156
Y60-64,F,DE,2015,2413
Y60-64,F,DE,2016,2207
Y60-64,F,DE,2017,2230
Y60-64,F,DE,2018,2250
Y60-64,F,DE,2019,2184
Y60-64,M,DE,2013,2271
Y60-64,M,DE,2014,2675
Y60-64,M,DE,2015,2906
Y60-64,M,DE,2016,2794
Y60-64,M,DE,2017,3109
Y60-64,M,DE,2018,3176
Y60-64,M,DE,2019,3191
Y60-64,F,DE,2016,222
Y60-64,M,DE,2016,293
Y60-64,F,DE,2008,1344
Y60-64,F,DE,2009,763
Y60-64,F,DE,2010,705
Y60-64,F,DE,2011,881
Y60-64,F,DE,2012,1047
Y60-64,M,DE,2008,1221
Y60-64,M,DE,2009,626
Y60-64,M,DE,2010,648
Y60-64,M,DE,2011,819
Y60-64,M,DE,2012,1038
Y60-64,F,DE,2008,3601
Y60-64,F,DE,2009,1730
Y60-64,F,DE,2010,1772
Y60-64,F,DE,2011,2249
Y60-64,F,DE,2012,2795
Y60-64,F,DE,2013,3242
Y60-64,F,DE,2014,4303
Y60-64,F,DE,2015,5681
Y60-64,F,DE,2016,4444
Y60-64,F,DE,2017,4170
Y60-64,F,DE,2018,4077
Y60-64,F,DE,2019,4108
Y60-64,F,DE,2020,3954
Y60-64,F,DE,2021,4085
Y60-64,M,DE,2008,4207
Y60-64,M,DE,2009,1805
Y60-64,M,DE,2010,1926
Y60-64,M,DE,2011,2496
Y60-64,M,DE,2012,3148
Y60-64,M,DE,2013,3643
Y60-64,M,DE,2014,4723
Y60-64,M,DE,2015,6650
Y60-64,M,DE,2016,5238
Y60-64,M,DE,2017,5317
Y60-64,M,DE,2018,5488
Y60-64,M,DE,2019,5564
Y60-64,M,DE,2020,4704
Y60-64,M,DE,2021,5254
Y60-64,F,DE,2008,859
Y60-64,F,DE,2009,453
Y60-64,F,DE,2010,423
Y60-64,F,DE,2011,507
Y60-64,F,DE,2012,601
Y60-64,M,DE,2008,758
Y60-64,M,DE,2009,389
Y60-64,M,DE,2010,389
Y60-64,M,DE,2011,492
Y60-64,M,DE,2012,597
Y60-64,F,DE,2008,53
Y60-64,F,DE,2009,96
Y60-64,F,DE,2010,82
Y60-64,F,DE,2011,123
Y60-64,F,DE,2012,127
Y60-64,M,DE,2008,71
Y60-64,M,DE,2009,87
Y60-64,M,DE,2010,85
Y60-64,M,DE,2011,96
Y60-64,M,DE,2012,120
Y60-64,F,DE,2008,432
Y60-64,F,DE,2009,214
Y60-64,F,DE,2010,200
Y60-64,F,DE,2011,251
Y60-64,F,DE,2012,319
Y60-64,M,DE,2008,392
Y60-64,M,DE,2009,150
Y60-64,M,DE,2010,174
Y60-64,M,DE,2011,231
Y60-64,M,DE,2012,321
Y60-64,F,DE,2008,900
Y60-64,F,DE,2009,539
Y60-64,F,DE,2010,640
Y60-64,F,DE,2011,636
Y60-64,F,DE,2012,794
Y60-64,F,DE,2013,748
Y60-64,F,DE,2014,794
Y60-64,F,DE,2015,814
Y60-64,F,DE,2016,881
Y60-64,F,DE,2017,1032
Y60-64,F,DE,2018,1174
Y60-64,F,DE,2019,1407
Y60-64,F,DE,2020,1441
Y60-64,F,DE,2021,1581
Y60-64,M,DE,2008,1293
Y60-64,M,DE,2009,906
Y60-64,M,DE,2010,1084
Y60-64,M,DE,2011,1172
Y60-64,M,DE,2012,1256
Y60-64,M,DE,2013,1192
Y60-64,M,DE,2014,1318
Y60-64,M,DE,2015,1200
Y60-64,M,DE,2016,1572
Y60-64,M,DE,2017,1866
Y60-64,M,DE,2018,2238
Y60-64,M,DE,2019,2663
Y60-64,M,DE,2020,2667
Y60-64,M,DE,2021,2955
Y60-64,F,DE,2008,1848
Y60-64,F,DE,2009,886
Y60-64,F,DE,2010,830
Y60-64,F,DE,2011,1026
Y60-64,F,DE,2012,1236
Y60-64,M,DE,2008,1790
Y60-64,M,DE,2009,761
Y60-64,M,DE,2010,771
Y60-64,M,DE,2011,981
Y60-64,M,DE,2012,1247
Y60-64,F,DE,2020,1662
Y60-64,F,DE,2021,2186
Y60-64,M,DE,2020,1910
Y60-64,M,DE,2021,2531
Y60-64,F,DE,2013,1369
Y60-64,F,DE,2014,2147
Y60-64,F,DE,2015,3268
Y60-64,F,DE,2016,2237
Y60-64,F,DE,2017,1940
Y60-64,F,DE,2018,1827
Y60-64,F,DE,2019,1924
Y60-64,M,DE,2013,1372
Y60-64,M,DE,2014,2048
Y60-64,M,DE,2015,3744
Y60-64,M,DE,2016,2444
Y60-64,M,DE,2017,2208
Y60-64,M,DE,2018,2312
Y60-64,M,DE,2019,2373
Y60-64,F,DE,2008,4599
Y60-64,F,DE,2009,2293
Y60-64,F,DE,2010,2575
Y60-64,F,DE,2011,2973
Y60-64,F,DE,2012,3608
Y60-64,F,DE,2013,4022
Y60-64,F,DE,2014,5119
Y60-64,F,DE,2015,6617
Y60-64,F,DE,2016,5400
Y60-64,F,DE,2017,5222
Y60-64,F,DE,2018,5273
Y60-64,F,DE,2019,5610
Y60-64,F,DE,2020,5600
Y60-64,F,DE,2021,5699
Y60-64,M,DE,2008,5588
Y60-64,M,DE,2009,2756
Y60-64,M,DE,2010,3229
Y60-64,M,DE,2011,3763
Y60-64,M,DE,2012,4428
Y60-64,M,DE,2013,4876
Y60-64,M,DE,2014,6053
Y60-64,M,DE,2015,8018
Y60-64,M,DE,2016,6924
Y60-64,M,DE,2017,7219
Y60-64,M,DE,2018,7761
Y60-64,M,DE,2019,8304
Y60-64,M,DE,2020,7582
Y60-64,M,DE,2021,8261
Y60-64,F,DE,2008,98
Y60-64,F,DE,2009,24
Y60-64,F,DE,2010,163
Y60-64,F,DE,2011,88
Y60-64,F,DE,2012,19
Y60-64,F,DE,2013,32
Y60-64,F,DE,2014,22
Y60-64,F,DE,2015,122
Y60-64,F,DE,2016,75
Y60-64,F,DE,2017,20
Y60-64,F,DE,2018,22
Y60-64,F,DE,2019,95
Y60-64,F,DE,2020,205
Y60-64,F,DE,2021,33
Y60-64,M,DE,2008,88
Y60-64,M,DE,2009,45
Y60-64,M,DE,2010,219
Y60-64,M,DE,2011,95
Y60-64,M,DE,2012,24
Y60-64,M,DE,2013,41
Y60-64,M,DE,2014,12
Y60-64,M,DE,2015,168
Y60-64,M,DE,2016,114
Y60-64,M,DE,2017,36
Y60-64,M,DE,2018,35
Y60-64,M,DE,2019,77
Y60-64,M,DE,2020,211
Y60-64,M,DE,2021,52
Y65-100,F,DE,2008,927
Y65-100,F,DE,2009,212
Y65-100,F,DE,2010,179
Y65-100,M,DE,2008,950
Y65-100,M,DE,2009,257
Y65-100,M,DE,2010,246
Y65-100,F,DE,2011,300
Y65-100,F,DE,2012,330
Y65-100,M,DE,2011,317
Y65-100,M,DE,2012,329
Y65-100,F,DE,2008,94
Y65-100,F,DE,2009,45
Y65-100,F,DE,2010,52
Y65-100,F,DE,2011,75
Y65-100,F,DE,2012,62
Y65-100,F,DE,2013,83
Y65-100,F,DE,2014,75
Y65-100,F,DE,2015,79
Y65-100,F,DE,2016,93
Y65-100,F,DE,2017,81
Y65-100,F,DE,2018,75
Y65-100,F,DE,2019,86
Y65-100,F,DE,2020,66
Y65-100,F,DE,2021,58
Y65-100,M,DE,2008,166
Y65-100,M,DE,2009,69
Y65-100,M,DE,2010,67
Y65-100,M,DE,2011,91
Y65-100,M,DE,2012,96
Y65-100,M,DE,2013,111
Y65-100,M,DE,2014,107
Y65-100,M,DE,2015,127
Y65-100,M,DE,2016,130
Y65-100,M,DE,2017,121
Y65-100,M,DE,2018,132
Y65-100,M,DE,2019,129
Y65-100,M,DE,2020,118
Y65-100,M,DE,2021,103
Y65-100,F,DE,2011,1933
Y65-100,F,DE,2012,2242
Y65-100,M,DE,2011,2646
Y65-100,M,DE,2012,3037
Y65-100,F,DE,2011,801
Y65-100,F,DE,2012,996
Y65-100,M,DE,2011,829
Y65-100,M,DE,2012,990
Y65-100,F,DE,2011,2503
Y65-100,F,DE,2012,2955
Y65-100,M,DE,2011,3044
Y65-100,M,DE,2012,3466
Y65-100,F,DE,2011,1371
Y65-100,F,DE,2012,1709
Y65-100,M,DE,2011,1227
Y65-100,M,DE,2012,1419
Y65-100,F,DE,2008,3871
Y65-100,F,DE,2009,2504
Y65-100,F,DE,2010,2664
Y65-100,F,DE,2011,2805
Y65-100,F,DE,2012,3289
Y65-100,M,DE,2008,4336
Y65-100,M,DE,2009,2707
Y65-100,M,DE,2010,2906
Y65-100,M,DE,2011,3181
Y65-100,M,DE,2012,3621
Y65-100,F,DE,2008,2260
Y65-100,F,DE,2009,1452
Y65-100,F,DE,2010,1560
Y65-100,F,DE,2011,1673
Y65-100,F,DE,2012,2043
Y65-100,M,DE,2008,2262
Y65-100,M,DE,2009,1179
Y65-100,M,DE,2010,1304
Y65-100,M,DE,2011,1364
Y65-100,M,DE,2012,1574
Y65-100,F,DE,2020,3377
Y65-100,F,DE,2021,3466
Y65-100,M,DE,2020,2225
Y65-100,M,DE,2021,2359
Y65-100,F,DE,2013,2413
Y65-100,F,DE,2014,2796
Y65-100,F,DE,2015,3095
Y65-100,F,DE,2016,2914
Y65-100,F,DE,2017,3040
Y65-100,F,DE,2018,3058
Y65-100,F,DE,2019,3079
Y65-100,M,DE,2013,1943
Y65-100,M,DE,2014,2117
Y65-100,M,DE,2015,2310
Y65-100,M,DE,2016,2274
Y65-100,M,DE,2017,2423
Y65-100,M,DE,2018,2413
Y65-100,M,DE,2019,2411
Y65-100,F,DE,2016,470
Y65-100,M,DE,2016,420
Y65-100,F,DE,2008,2380
Y65-100,F,DE,2009,1292
Y65-100,F,DE,2010,1055
Y65-100,F,DE,2011,1259
Y65-100,F,DE,2012,1596
Y65-100,M,DE,2008,1764
Y65-100,M,DE,2009,1123
Y65-100,M,DE,2010,1010
Y65-100,M,DE,2011,1066
Y65-100,M,DE,2012,1366
Y65-100,F,DE,2008,5661
Y65-100,F,DE,2009,3004
Y65-100,F,DE,2010,2846
Y65-100,F,DE,2011,3307
Y65-100,F,DE,2012,4031
Y65-100,F,DE,2013,4497
Y65-100,F,DE,2016,5931
Y65-100,F,DE,2018,5615
Y65-100,F,DE,2019,6036
Y65-100,F,DE,2020,5771
Y65-100,F,DE,2021,6592
Y65-100,M,DE,2008,5142
Y65-100,M,DE,2009,2633
Y65-100,M,DE,2010,2627
Y65-100,M,DE,2011,2838
Y65-100,M,DE,2012,3365
Y65-100,M,DE,2013,3931
Y65-100,M,DE,2016,4836
Y65-100,M,DE,2018,4759
Y65-100,M,DE,2019,4894
Y65-100,M,DE,2020,4351
Y65-100,M,DE,2021,5177
Y65-100,F,DE,2008,1483
Y65-100,F,DE,2009,794
Y65-100,F,DE,2010,620
Y65-100,F,DE,2011,670
Y65-100,F,DE,2012,853
Y65-100,M,DE,2008,1096
Y65-100,M,DE,2009,678
Y65-100,M,DE,2010,583
Y65-100,M,DE,2011,624
Y65-100,M,DE,2012,747
Y65-100,F,DE,2008,98
Y65-100,F,DE,2009,135
Y65-100,F,DE,2010,129
Y65-100,F,DE,2011,177
Y65-100,F,DE,2012,230
Y65-100,M,DE,2008,108
Y65-100,M,DE,2009,110
Y65-100,M,DE,2010,142
Y65-100,M,DE,2011,123
Y65-100,M,DE,2012,164
Y65-100,F,DE,2008,799
Y65-100,F,DE,2009,363
Y65-100,F,DE,2010,306
Y65-100,F,DE,2011,412
Y65-100,F,DE,2012,513
Y65-100,M,DE,2008,560
Y65-100,M,DE,2009,335
Y65-100,M,DE,2010,285
Y65-100,M,DE,2011,319
Y65-100,M,DE,2012,455
Y65-100,F,DE,2008,1611
Y65-100,F,DE,2009,1052
Y65-100,F,DE,2010,1104
Y65-100,F,DE,2011,1132
Y65-100,F,DE,2012,1246
Y65-100,F,DE,2013,1233
Y65-100,F,DE,2014,1382
Y65-100,F,DE,2015,1448
Y65-100,F,DE,2016,1527
Y65-100,F,DE,2017,1690
Y65-100,F,DE,2018,1846
Y65-100,F,DE,2019,2113
Y65-100,F,DE,2020,1956
Y65-100,F,DE,2021,2391
Y65-100,M,DE,2008,2074
Y65-100,M,DE,2009,1528
Y65-100,M,DE,2010,1602
Y65-100,M,DE,2011,1817
Y65-100,M,DE,2012,2047
Y65-100,M,DE,2013,1912
Y65-100,M,DE,2014,2019
Y65-100,M,DE,2015,2102
Y65-100,M,DE,2016,2429
Y65-100,M,DE,2017,2778
Y65-100,M,DE,2018,3135
Y65-100,M,DE,2019,3469
Y65-100,M,DE,2020,3351
Y65-100,M,DE,2021,3811
Y65-100,F,DE,2008,3401
Y65-100,F,DE,2009,1552
Y65-100,F,DE,2010,1286
Y65-100,F,DE,2011,1634
Y65-100,F,DE,2012,1988
Y65-100,M,DE,2008,2880
Y65-100,M,DE,2009,1454
Y65-100,M,DE,2010,1323
Y65-100,M,DE,2011,1474
Y65-100,M,DE,2012,1791
Y65-100,F,DE,2020,2394
Y65-100,F,DE,2021,3126
Y65-100,M,DE,2020,2126
Y65-100,M,DE,2021,2818
Y65-100,F,DE,2013,2084
Y65-100,F,DE,2014,3336
Y65-100,F,DE,2015,4106
Y65-100,F,DE,2016,3017
Y65-100,F,DE,2017,2688
Y65-100,F,DE,2018,2557
Y65-100,F,DE,2019,2957
Y65-100,M,DE,2013,1988
Y65-100,M,DE,2014,2741
Y65-100,M,DE,2015,3645
Y65-100,M,DE,2016,2562
Y65-100,M,DE,2017,2472
Y65-100,M,DE,2018,2346
Y65-100,M,DE,2019,2483
Y65-100,F,DE,2008,7429
Y65-100,F,DE,2009,4101
Y65-100,F,DE,2010,4300
Y65-100,F,DE,2011,4604
Y65-100,F,DE,2012,5299
Y65-100,F,DE,2013,5769
Y65-100,F,DE,2014,7548
Y65-100,F,DE,2015,8793
Y65-100,F,DE,2016,7567
Y65-100,F,DE,2017,7483
Y65-100,F,DE,2018,7503
Y65-100,F,DE,2019,8267
Y65-100,F,DE,2020,7988
Y65-100,F,DE,2021,9070
Y65-100,M,DE,2008,7339
Y65-100,M,DE,2009,4238
Y65-100,M,DE,2010,4600
Y65-100,M,DE,2011,4815
Y65-100,M,DE,2012,5442
Y65-100,M,DE,2013,5876
Y65-100,M,DE,2014,6902
Y65-100,M,DE,2015,8213
Y65-100,M,DE,2016,7375
Y65-100,M,DE,2017,7738
Y65-100,M,DE,2018,7956
Y65-100,M,DE,2019,8460
Y65-100,M,DE,2020,7902
Y65-100,M,DE,2021,9063
Y65-100,F,DE,2008,157
Y65-100,F,DE,2009,45
Y65-100,F,DE,2010,350
Y65-100,F,DE,2011,165
Y65-100,F,DE,2012,22
Y65-100,F,DE,2013,39
Y65-100,F,DE,2014,34
Y65-100,F,DE,2015,144
Y65-100,F,DE,2016,109
Y65-100,F,DE,2017,65
Y65-100,F,DE,2018,42
Y65-100,F,DE,2019,118
Y65-100,F,DE,2020,261
Y65-100,F,DE,2021,87
Y65-100,M,DE,2008,123
Y65-100,M,DE,2009,77
Y65-100,M,DE,2010,371
Y65-100,M,DE,2011,160
Y65-100,M,DE,2012,30
Y65-100,M,DE,2013,33
Y65-100,M,DE,2014,25
Y65-100,M,DE,2015,156
Y65-100,M,DE,2016,110
Y65-100,M,DE,2017,65
Y65-100,M,DE,2018,62
Y65-100,M,DE,2019,97
Y65-100,M,DE,2020,200
Y65-100,M,DE,2021,75
